province,year,carbon_intensity,digital_finance,gdp_per_capita,industrial_structure,urbanization,government_intervention,innovation,energy_structure,gdp,population,urban_population,secondary_industry,fiscal_expenditure,carbon_emissions_mt,raw_coal_emissions_mt
北京,2011,0.5365969439519335,79.41,8.721986166007905,0.20184894608939974,0.8621541501976284,0.18383135164530146,15880,0.45609421543725087,17653.3,2024.0,1745.0,3563.3,3245.23,94.72706830666667,43.204467900000004
北京,2012,0.490269352091563,150.65,9.41689124157844,0.19705339758691354,0.8628488931665063,0.1883306163540011,20140,0.431910667781184,19568.3,2078.0,1793.0,3856.0,3685.31,95.93737762533331,41.43637683533333
北京,2013,0.3986704453232779,215.62,10.233411764705883,0.19168122873172078,0.864,0.19192771084337348,20695,0.4244106784438746,21746.0,2125.0,1836.0,4168.3,4173.66,86.69487504,36.79423073333333
北京,2014,0.37738212297781076,235.36,10.860202671579916,0.18801823772664616,0.8650391524643022,0.19190626656770227,23237,0.3553865690837046,23577.5,2171.0,1878.0,4433.0,4524.67,88.97727004509333,31.62132672776
北京,2015,0.3202964921647634,276.38,11.898583180987202,0.16976964826900107,0.8670018281535649,0.22039171701729654,35308,0.25307523064881454,26034.1,2188.0,1897.0,4419.8,5737.7,83.38630906666667,21.1030094
北京,2016,0.2635298008483861,286.3704823827899,12.956127562642369,0.1640651647227194,0.8674259681093394,0.2252835045202488,40602,0.2054927775792948,28438.7,2195.0,1904.0,4665.8,6406.77,74.94444947387,15.400543086536663
北京,2017,0.2236360185491558,329.943803306312,14.27798541476755,0.16118930341985385,0.8691886964448496,0.21785583175583143,46091,0.12769680507273923,31325.9,2194.0,1907.0,5049.4,6824.53,70.05599553469,8.945926805969998
北京,2018,0.2044222146027557,368.5369834296447,16.040784671532847,0.15577878013958488,0.8708941605839416,0.21248954819773958,46978,0.05640124440032021,35161.4,2192.0,1909.0,5477.4,7471.43,71.87771256533334,4.053992433333333
北京,2019,0.18969168936431857,399.0025774708307,17.245205479452054,0.15391479333809938,0.8735159817351598,0.19615510895755553,53127,0.037550622478573756,37767.0,2190.0,1913.0,5812.9,7408.19,71.6408603222222,2.6901588999999992
北京,2020,0.17159191483970906,417.875399830429,17.589584285061672,0.15322723070050595,0.8752855185015989,0.18481856242013736,63266,0.02955145973564225,38503.6,2189.0,1916.0,5899.8,7116.18,66.06906452222222,1.9524373
北京,2021,0.15104184684044822,445.4406172141791,20.26071265417999,0.1743422313514781,0.8752855185015989,0.16245786425016967,79210,0.0318172657420858,44350.7,2189.0,1916.0,7732.2,7205.12,66.98811636666666,2.1313787
北京,2022,0.14993064145202378,452.8302315021897,20.706227106227107,0.15391487404472118,0.8759157509157509,0.16516482981885083,88127,0.021399378346544085,45222.4,2184.0,1913.0,6960.4,7469.15,67.8022344,1.4509256666666666
天津,2011,1.8098303036112995,60.58,6.1452647278150625,0.4558173963692846,0.8046234153616704,0.21798005048053587,2528,0.5842108802904246,8240.8,1341.0,1079.0,3756.3,1796.33,149.14449565999996,87.13183709999998
天津,2012,1.5570208385365674,122.96,6.671262699564586,0.44968998150766887,0.8156748911465893,0.23313499401718699,3326,0.6045712044710181,9193.0,1378.0,1124.0,4134.0,2143.21,143.13692568666664,86.53646356666665
天津,2013,1.4990517240352546,175.26,7.145531914893618,0.4374205971097348,0.8226950354609929,0.2530183023662061,3141,0.5738953187175353,10075.2,1410.0,1160.0,4407.1,2549.21,151.03245929999997,86.67682136666666
天津,2014,1.3390298092881328,200.16,7.522183344996502,0.4293807911286421,0.8257522743177047,0.2683641573326387,3279,0.5716670515026665,10749.2,1429.0,1180.0,4615.5,2884.7,143.93499225999997,82.2828926333333
天津,2015,1.2408143503042768,237.53,7.5671994440583745,0.4122984241266576,0.8290479499652537,0.2968399882452338,4624,0.5507676001340734,10889.2,1439.0,1193.0,4489.6,3232.35,135.1147562333333,74.41683003333333
天津,2016,1.134780641826993,245.8382049483305,7.960498960498961,0.3802559414990859,0.832986832986833,0.3220536258379037,5185,0.5241293795378213,11487.0,1443.0,1202.0,4368.0,3699.43,130.35225232666667,68.32144513333333
天津,2017,1.0598572645610433,284.033712372482,8.842695035460993,0.3660592547440689,0.8354609929078014,0.2632729664265892,5844,0.48073780883204154,12468.2,1410.0,1178.0,4564.1,3282.54,132.14512346,63.52715710000001
天津,2018,1.031660144041155,316.8846573713342,9.69710773680405,0.3605446234835323,0.8394793926247288,0.23138743279820445,5626,0.45321544681572756,13411.1,1383.0,1161.0,4835.3,3103.16,138.35697357750334,62.705517599999986
天津,2019,0.9769126907786256,344.1120785937147,10.178483754512635,0.3558791816814686,0.8433212996389892,0.25222810203444657,5025,0.43810997671455426,14097.2,1385.0,1168.0,5016.9,3555.71,137.71733584444442,60.335338799999995
天津,2020,0.9029196359695559,361.4551313533893,10.260129776496035,0.34900356972201146,0.8471521268925739,0.2214457374146218,5262,0.46198220974767645,14230.8,1387.0,1175.0,4966.6,3151.35,128.49268755555556,59.36133573333333
天津,2021,0.8761938738790985,395.7348891947368,11.721194464675893,0.35918897422513857,0.8485069191551348,0.19589329654761017,7376,0.4277410751406004,16093.2,1373.0,1165.0,5780.5,3152.55,141.0076325111111,60.314756333333335
天津,2022,0.8341459994038709,407.3049083668797,12.170579603815114,0.36728456460801157,0.851063829787234,0.16456159387527503,11745,0.41998214411527945,16588.5,1363.0,1160.0,6092.7,2729.83,138.37230911111112,58.11389906666667
河北,2011,2.871527909805926,32.42,3.002170907079646,0.47327017230341245,0.45589048672566373,0.16292551942040465,1469,0.8447739581029898,21711.7,7232.0,3297.0,10275.5,3537.39,623.4575251933333,526.6806812666666
河北,2012,2.740533517933608,89.32,3.2273891489947673,0.46591117577536667,0.4659873313136877,0.17405759195811804,1933,0.8532432821821739,23437.3,7262.0,3384.0,10919.7,4079.44,642.3070621986535,548.0441859191689
河北,2013,2.6672504877036602,144.98,3.383520856201976,0.45331743656500034,0.4802414928649835,0.17882161149433679,2008,0.8643573665201754,24659.1,7288.0,3500.0,11178.4,4409.58,657.7199650133333,568.5050968666667
河北,2014,2.435595064205802,160.76,3.501857162365151,0.4475454393018277,0.4936501433838591,0.18239283109955118,2286,0.8657435680944319,25644.1,7323.0,3615.0,11476.9,4677.3,624.58643386,540.7316878333334
河北,2015,2.390684505691598,199.53,3.6411300204220556,0.4307305162634002,0.5166780122532335,0.21059560800326052,3840,0.8551943230224597,26744.1,7345.0,3795.0,11519.5,5632.19,639.3670548866667,546.7830756666667
河北,2016,2.128032746346627,214.3588258878981,3.9158915254237288,0.42702313389682023,0.5387118644067797,0.20947343635841092,4247,0.8425501902435273,28879.7,7375.0,3973.0,12332.3,6049.53,614.5694730466668,517.8056264333334
河北,2017,1.744388657230282,258.1665791018198,4.192941017681199,0.4113244596095347,0.5574301525172088,0.21371553652765932,4927,0.8263102606688788,31065.5,7409.0,4130.0,12778.0,6639.18,541.9030583118732,447.7800573709466
河北,2018,1.8068092756042535,282.7720567868686,4.436708860759493,0.391662366831578,0.5732561271209264,0.23450420372112787,5126,0.8186006065377306,32947.0,7426.0,4257.0,12904.1,7726.21,595.2894520333334,487.3043065
河北,2019,1.665839543185444,305.0597074481554,4.783604135893649,0.3817957247322694,0.5877534577682288,0.23324603141184894,5130,0.7806468979219139,35623.5,7447.0,4377.0,13600.9,8309.04,593.4303496666666,463.2595616
河北,2020,1.6011423574089414,322.6968664345796,4.933212754555198,0.3785288486346292,0.6007502679528403,0.2450413481254159,6365,0.7772569728805838,36821.5,7464.0,4484.0,13938.0,9022.79,589.5646331333334,458.24322206666665
河北,2021,1.4060277288413654,352.4399842691548,5.532411385606874,0.3992389347027331,0.6114393125671321,0.21473423386255197,8621,0.7678041564973165,41205.4,7448.0,4554.0,16450.8,8848.21,579.35934978,444.83451686666666
河北,2022,1.3490965821185863,360.6507337110097,5.821873315363882,0.3797996680424924,0.616576819407008,0.2154168103837419,12022,0.770896312982739,43198.3,7420.0,4575.0,16406.7,9305.64,582.7867888333333,449.2681867666667
山西,2011,6.961473523729906,33.41,3.089584503088153,0.6133701647418015,0.498034811903425,0.2147958673705827,1114,0.9754262559417681,11005.1,3562.0,1774.0,6750.2,2363.85,766.1171227599999,747.2907566666667
山西,2012,7.230893208851886,92.98,3.331369785794814,0.5797693680888686,0.5132468996617813,0.2334627782431026,1297,0.9732761012354557,11819.7,3548.0,1821.0,6852.7,2759.46,854.6698846066664,831.8297731333331
山西,2013,12.315866382129185,144.22,3.443224893917963,0.5491628189750078,0.5287128712871287,0.24894674575658493,1332,0.9836090677367084,12171.8,3535.0,1869.0,6684.3,3030.13,1499.0626243,1474.4915903666665
山西,2014,12.610752477126839,167.66,3.488378684807256,0.518241651092874,0.5430839002267573,0.25069310148695867,1559,0.9839649609173485,12307.0,3528.0,1916.0,6378.0,3085.28,1552.0053073600002,1527.1188416
山西,2015,12.25063591135556,206.3,3.4203182722364307,0.43367037495534266,0.5586814435919295,0.28439195420443497,2432,0.9830589301162803,12036.1,3519.0,1966.0,5219.7,3422.97,1474.4987889266667,1449.5192019
山西,2016,11.785383618336471,224.8107298828103,3.4604723961297665,0.42052285754228996,0.5725668753557199,0.28197629953701037,2411,0.9806889029499731,12160.1,3514.0,2012.0,5113.6,3428.86,1433.1144333733332,1405.4394214666665
山西,2017,10.364447052158056,259.9548522256562,4.182079772079772,0.452023625426627,0.586039886039886,0.2559026098330279,2382,0.9806879298142281,14679.1,3510.0,2057.0,6635.3,3756.42,1521.4075472333332,1492.0260179
山西,2018,10.215573403288946,283.6542400191222,4.612535693889206,0.4379654679287567,0.5985151342090235,0.2652066785942017,2284,0.980659600251188,16153.1,3502.0,2096.0,7074.5,4283.91,1650.1317874066667,1618.2175790000001
山西,2019,9.811308708528298,308.7259742040338,4.950243065484702,0.42764138409104036,0.6128109808407206,0.2721252382877939,2300,0.9778833043287778,17311.0,3497.0,2143.0,7402.9,4710.76,1698.4356505333335,1660.8718661333335
山西,2020,10.575102363751897,325.7269511290497,5.21567335243553,0.40874156031797476,0.625214899713467,0.280775379476671,2987,0.979235066593886,18202.7,3490.0,2182.0,7440.2,5110.87,1924.9541579666668,1884.9826130666668
山西,2021,9.094813088490218,359.7012077326922,6.634425287356321,0.4717859648818857,0.6341954022988506,0.2185838408163619,3915,0.979660891221927,23087.8,3480.0,2207.0,10892.5,5046.62,2099.7922562444446,2057.0843531333335
山西,2022,8.76200522331197,366.0658054686331,7.369491525423729,0.4937824520917468,0.6394714162596955,0.2290747353156721,5026,0.9823003544014846,25653.2,3481.0,2226.0,12667.1,5876.5,2247.7347239466662,2207.950615933333
内蒙古,2011,7.705040266436367,28.89,3.8910121457489875,0.4207766262954177,0.5704453441295546,0.31102613726224665,364,0.9612293702294928,9610.8,2470.0,1409.0,4044.0,2989.21,740.5160099266664,711.8057378666664
内蒙古,2012,7.413282142292279,91.68,4.317735389610389,0.42801417439772915,0.5840097402597403,0.3220248333944299,569,0.9618753138049402,10638.9,2464.0,1439.0,4553.6,3425.99,788.6916738363333,758.6230512666666
内蒙古,2013,6.765212349581494,146.59,4.718900203665988,0.4203834301547705,0.5983706720977596,0.31821767991091854,549,0.948894864109971,11584.9,2455.0,1469.0,4870.1,3686.52,783.7430854866665,743.6897885999998
内蒙古,2014,6.511921743837511,172.56,5.054022049816251,0.413208050220969,0.6096365863617803,0.31347547526520325,458,0.9493016327082544,12377.3,2449.0,1493.0,5114.4,3879.98,806.0000900000002,765.1372014000002
内蒙古,2015,5.770628904386792,214.55,5.353565573770492,0.4034005220972693,0.6209016393442623,0.32558046958132697,797,0.9497340386298919,13062.7,2440.0,1515.0,5269.5,4252.96,753.7999418933337,715.9094631333336
内蒙古,2016,5.437100414762541,229.9258763150416,5.697454844006568,0.4020318466748325,0.6338259441707718,0.3251466243965704,871,0.9472676449271382,13879.0,2436.0,1544.0,5579.8,4512.71,754.615166564893,714.8225316582264
内蒙古,2017,5.0971221867789485,258.5040157651248,6.169297163995068,0.39135503900758833,0.6461159062885327,0.3017961478757354,848,0.9370902004661925,15009.9,2433.0,1572.0,5874.2,4529.93,765.0729431133333,716.9423576333334
内蒙古,2018,5.276431990065362,271.5666079300939,6.710528488852188,0.3898012047080828,0.6552436003303055,0.2972675645577097,864,0.9650395191237053,16252.9,2422.0,1587.0,6335.4,4831.46,857.5732149133332,827.5920429333331
内蒙古,2019,5.565335645731544,293.889210418314,7.23784679089027,0.3875419064727622,0.6645962732919255,0.29182409007174154,911,0.963447896610035,17479.4,2415.0,1605.0,6774.0,5100.91,972.7872788599997,937.2298576666662
内蒙古,2020,5.939048057960818,309.3943824333934,7.333915938410321,0.38526618019224435,0.6749895963379109,0.29904331740753765,1162,0.95988837653386,17623.4,2403.0,1622.0,6789.7,5270.16,1046.6621954466668,1004.6788755666668
内蒙古,2021,4.790843979096402,344.7592446448328,8.993666666666666,0.44691171565175497,0.6820833333333334,0.2427435046884845,1651,0.9565713319040898,21584.8,2400.0,1637.0,9646.5,5239.57,1034.0940912,989.1847621333334
内蒙古,2022,4.4464664456183245,353.8960119021067,9.910745522698877,0.45877196300171874,0.6859641815910037,0.24742705614879998,2054,0.9576433521031193,23795.7,2401.0,1647.0,10916.8,5887.7,1058.0678159999995,1013.2516100666661
辽宁,2011,3.162252008706505,43.29,3.7874628910710206,0.5112177651293616,0.640557204841288,0.23550071448813106,3164,0.5690471055141405,16585.3,4379.0,2805.0,8478.7,3905.85,524.4689824,298.4475563666667
辽宁,2012,2.9969456981619187,103.53,4.143451428571428,0.4902413998543657,0.6564571428571429,0.25147234051942896,3973,0.5536071017077324,18127.6,4375.0,2872.0,8886.9,4558.59,543.2743283799999,300.7605263666666
辽宁,2013,2.7124772455970607,160.07,4.475211912943871,0.4711814603031591,0.6646048109965635,0.26606635507799103,3830,0.5751976221372979,19534.3,4365.0,2901.0,9204.2,5197.42,529.8634425866667,304.77619223333335
辽宁,2014,2.5552905969302224,187.61,4.676801284993116,0.4434806074135858,0.6704910509407985,0.24926968083801485,3975,0.5730865681440307,20381.5,4358.0,2922.0,9038.8,5080.49,520.8065530133333,298.46724013333335
辽宁,2015,2.4318703167485167,226.4,4.762056247118488,0.4039442728654552,0.6804979253112033,0.21694517325174995,6569,0.5594925998811352,20657.8,4338.0,2952.0,8344.6,4481.61,502.3709062932751,281.07280446666664
辽宁,2016,2.443084256528418,231.4106502533505,4.814421076958632,0.3775777649769585,0.6886988675756875,0.21973262288786483,6731,0.5320749094804282,20832.0,4327.0,2980.0,7865.7,4577.47,508.94331231999996,270.7959668333333
辽宁,2017,2.3326792967630836,267.1759172806516,5.126484230055659,0.37678123897328253,0.6948051948051948,0.22073430021623675,7708,0.5287291986046816,22105.4,4312.0,2996.0,8328.9,4879.42,515.6480892666667,272.63820100000004
辽宁,2018,2.325079136140889,290.950599675849,5.619552551852715,0.3752669666369461,0.7026334187835004,0.22135816036659964,7176,0.5024350680631925,24113.5,4291.0,3015.0,9049.0,5337.72,560.6579574933332,281.69421903333335
辽宁,2019,2.446936173548041,311.0118716037849,6.000911854103344,0.3705422369759096,0.7121814355856909,0.2238413614952135,7501,0.4699497949676461,25665.9,4277.0,3046.0,9510.3,5745.09,628.0281913666666,295.1417197666666
辽宁,2020,2.5006067412309556,326.2935312853068,6.07262044653349,0.35970045280390106,0.7215041128084606,0.23275552459460505,7936,0.46320513530730195,25839.0,4255.0,3070.0,9294.3,6014.17,646.1317758666667,299.2915566666666
辽宁,2021,2.2819959845690936,357.2345190911801,6.732324426578387,0.37458817744371464,0.7280681012059589,0.20649819114186366,10480,0.4596722254993336,28471.0,4229.0,3079.0,10664.9,5879.21,649.7070767666665,298.6522979
辽宁,2022,2.0636187955269665,365.246442665731,7.0859423397665005,0.36732381295036604,0.7300452704312604,0.21054112852517007,10892,0.4663949004069626,29739.7,4197.0,3064.0,10924.1,6261.43,613.7140389333332,286.2330980666667
吉林,2011,3.368269777585468,24.51,2.883559633027523,0.3730608193237207,0.5339449541284403,0.28020158570574083,1202,0.8192476858997112,7857.7,2725.0,1455.0,2931.4,2201.74,264.66853431333334,216.82908426666665
吉林,2012,3.00413088899709,87.23,3.2732765011119347,0.37539207138246916,0.5452186805040771,0.2798229026304168,1583,0.8332309635261407,8831.3,2698.0,1471.0,3315.2,2471.2,265.3038112,221.0593502333333
吉林,2013,2.469543457250102,138.36,3.601424287856072,0.3717607143600524,0.5573463268365817,0.28566180296817434,1496,0.8072261472693807,9608.6,2668.0,1487.0,3572.1,2744.81,237.2885526333333,191.5455241333333
吉林,2014,2.331733795507922,165.62,3.8141559424678273,0.37758261387317654,0.5681302043906131,0.2890989381760445,1434,0.8029896181866045,10077.0,2642.0,1501.0,3804.9,2913.25,234.9688145733333,188.67751869999998
吉林,2015,2.1534381205495805,208.2,3.8893608878683503,0.37762843282921216,0.5763490241102182,0.3165533459937616,2240,0.8002891791375303,10162.9,2613.0,1506.0,3837.8,3217.1,218.85176275333333,175.14469756666665
吉林,2016,2.0199295743229437,217.0742130048187,4.130697312037397,0.36793511576366295,0.5874561745227892,0.33819870797378226,2428,0.7899994319200497,10603.5,2567.0,1508.0,3901.4,3586.09,214.18323241333331,169.2046319333333
吉林,2017,1.9355544521038228,254.7649074185769,4.38756927949327,0.36050708291978706,0.5969912905779889,0.3361652982044573,3057,0.7829379037021009,11083.0,2526.0,1508.0,3995.5,3725.72,214.5174999266667,167.9538817
吉林,2018,1.6950662158066228,276.0754942837907,4.604428341384863,0.3542326053123962,0.6086956521739131,0.3313331701260776,2868,0.7962930395604654,11437.4,2484.0,1512.0,4051.5,3789.59,193.87150336666667,154.3785287
吉林,2019,1.655024024524523,292.7735940113083,4.881290849673203,0.34830200679532025,0.616421568627451,0.32917301287093914,3006,0.7759624436386847,11949.4,2448.0,1509.0,4162.0,3933.42,197.76544078653333,153.4585547
吉林,2020,1.475211280451218,308.2564873808283,5.210295956648603,0.34699787991519665,0.6265110462692789,0.3301868074722989,3969,0.7990658327553771,12499.5,2399.0,1503.0,4337.3,4127.17,184.39403399999998,147.3429723333333
吉林,2021,1.4212090369917578,339.4132641464888,5.6552,0.3509541288502058,0.6336842105263157,0.27524476774054246,5730,0.7910351785475725,13431.1,2375.0,1505.0,4713.7,3696.84,190.88400696739998,150.99596453333334
吉林,2022,1.4111588579978764,343.6674222751498,5.5883304940374785,0.3257960278628805,0.637137989778535,0.30819958236163825,6483,0.7685908006939579,13121.4,2348.0,1496.0,4274.9,4044.01,185.16379839333334,142.31519206666667
黑龙江,2011,3.784397664350472,33.58,2.663670015864622,0.4880186619019258,0.5647805393971443,0.27735556879094697,1953,0.7817253981778576,10074.0,3782.0,2136.0,4916.3,2794.08,381.2402207066666,298.02516333333324
黑龙江,2012,3.520998504222242,87.91,2.999731471535983,0.45652134992391014,0.5687432867883996,0.2839065437292991,2418,0.7927622148958859,11171.0,3724.0,2118.0,5099.8,3171.52,393.3307429066666,311.8177509333333
黑龙江,2013,3.0247326773737204,141.4,3.2779596290234587,0.43294499459099606,0.5804691762138571,0.28036781226595653,2238,0.7717672434420688,12017.0,3666.0,2128.0,5202.7,3369.18,363.48212584,280.52359829999995
黑龙江,2014,2.8352484569464784,167.8,3.4249168514412416,0.39429963340913315,0.5922949002217295,0.2779147210915182,2454,0.7643298048507153,12357.1,3608.0,2137.0,4872.4,3434.22,350.3544870733333,267.7863767333333
黑龙江,2015,2.8927799113935277,209.93,3.4069708132615473,0.32661022024086767,0.6047038821195806,0.3344084769445738,4024,0.7677327687529905,12023.2,3529.0,2134.0,3926.9,4020.66,347.80471430666665,267.0210763
黑龙江,2016,2.9751368641277653,221.8857269165423,3.546318221195495,0.3004421500052928,0.6110308980652613,0.3442207004372644,4345,0.7646971875390829,12280.9,3463.0,2116.0,3689.7,4227.34,365.3735831466667,279.4001514333333
黑龙江,2017,2.8067928767592196,256.7799043241757,3.7244777875845836,0.27801255973774636,0.6190055898793763,0.36660847584817724,4947,0.7923884003859172,12659.5,3399.0,2104.0,3519.5,4641.08,355.3259442333334,281.5561565666667
黑龙江,2018,2.565465614595717,274.7347330579632,3.9692515779981967,0.2677631628766366,0.6345055605650737,0.35414631560613974,4309,0.8139116832419999,13205.7,3327.0,2111.0,3536.0,4676.75,338.7876926666666,275.74326119999995
黑龙江,2019,2.4432556278125936,292.8691970942456,4.289554531490015,0.26270367054610566,0.6460829493087558,0.35892999104744855,4144,0.8145038090510225,13962.5,3255.0,2103.0,3668.0,5011.56,341.1395670333334,277.85947676666666
黑龙江,2020,2.4063321490560785,306.0752890499785,4.4150425733207195,0.2467625231248348,0.6559444970040996,0.38924079113720617,4598,0.798691516350804,14000.1,3171.0,2080.0,3454.7,5449.41,336.88890720000006,269.07031213333335
黑龙江,2021,2.3443118494106163,341.1391015743418,4.893695999999999,0.2669426135174723,0.65696,0.3338047970286671,6337,0.8039531495575013,15292.8,3125.0,2053.0,4082.3,5104.81,358.5109225066667,288.2259853
黑龙江,2022,2.1662265281920874,347.5939965068792,5.2788641497257185,0.2781003961073891,0.6621490803484995,0.3332675191940926,8519,0.8054538676018278,16359.2,3099.0,2052.0,4549.5,5451.99,354.37733019999996,285.4345912
上海,2011,0.8360390477030564,80.19,8.661332767402376,0.4003361739871901,0.8930390492359932,0.191848515884956,9160,0.5352198134885574,20406.1,2356.0,2104.0,8169.3,3914.88,170.60296411333337,91.31008663333334
上海,2012,0.7739219062865959,150.77,9.07665694039183,0.3753909317608806,0.8928720300125053,0.19214875843287454,11379,0.5040698771515858,21774.9,2399.0,2142.0,8174.1,4184.02,168.52072117199998,84.94621921866667
上海,2013,0.7634922382756391,222.14,9.726062091503268,0.34803480978101087,0.8958333333333334,0.19020260905356706,10644,0.4708470346860414,23809.4,2448.0,2193.0,8286.5,4528.61,181.78292098000003,85.5919493
上海,2014,0.6029254278649696,239.53,10.524726388325902,0.33250399584047446,0.892987434130523,0.18962198386258158,11614,0.45987354272105974,25964.5,2467.0,2203.0,8633.3,4923.44,156.54657271800002,71.99162699666667
上海,2015,0.5810121682433791,278.11,11.318795768917818,0.3022363918681888,0.8852725793327909,0.22254507289300401,17601,0.41372272008871974,27821.6,2458.0,2176.0,8408.7,6191.56,161.64688139999996,66.87698746666666
上海,2016,0.5109990226898636,282.2235392773836,12.551236319416295,0.2767803797325272,0.8901499797324686,0.22345182615884948,20086,0.41733787340982753,30963.9,2467.0,2196.0,8570.2,6918.94,158.2252263866667,66.03337950000001
上海,2017,0.4554560575518084,336.6505858794587,13.940916463909165,0.2770904902220296,0.8909164639091647,0.21954605085184548,20681,0.4114827740451517,34378.3,2466.0,2197.0,9525.9,7547.62,156.57804983333335,64.42917030000001
上海,2018,0.40105398254128377,377.733749406315,15.260242424242424,0.27431948338721335,0.8913131313131313,0.2211209692579384,21331,0.40691607488779513,37769.1,2475.0,2206.0,10360.8,8351.54,151.47447972,61.63740073333333
上海,2019,0.3963532489256451,410.2814252765977,16.21975010076582,0.25638151943779014,0.8923821039903265,0.2032563641243303,22735,0.3682096637706332,40241.2,2481.0,2214.0,10317.1,8179.28,159.4973036066667,58.72844853333334
上海,2020,0.3716643914953486,431.9275675526586,16.721824758842445,0.2489357968844267,0.8930868167202572,0.19474400236516287,24208,0.3730982388381575,41603.9,2488.0,2222.0,10356.7,8102.11,154.62688177333334,57.69101726666666
上海,2021,0.34274595940449726,458.9703890885613,18.90695058256328,0.24278677586199568,0.8931297709923665,0.17915358036864049,32860,0.4348739417595966,47059.4,2489.0,2223.0,11425.4,8430.86,161.29419202,70.14264106666667
上海,2022,0.44543331552610543,460.6908552828697,19.634141414141414,0.23431458292605128,0.8933333333333333,0.19329347971478253,36797,0.31439267802456566,48594.5,2475.0,2211.0,11386.4,9393.0,216.45609251333332,68.0522106
江苏,2011,1.2338781604161844,62.08,6.193381528106693,0.5077772970144598,0.6200922348248785,0.12521196631079,11043,0.747301891090229,49689.5,8023.0,4975.0,25231.2,6221.72,613.10788852,458.1766845333333
江苏,2012,1.134296988227488,122.03,6.731330049261084,0.49673609179924766,0.6300492610837438,0.128574381979714,16242,0.7362994580889732,54658.4,8120.0,5116.0,27150.8,7027.67,619.9885850133334,456.49725916666665
江苏,2013,1.0551836073593677,180.98,7.385888671875,0.48176685640242495,0.6439208984375,0.12888925249400052,16790,0.7137096840972486,60505.2,8192.0,5275.0,29149.4,7798.47,638.440952,455.6614901666667
江苏,2014,0.9377730883524615,204.16,7.997621060258424,0.4688146910006749,0.6570462504528438,0.12792794017059173,19671,0.6927444163492655,66228.3,8281.0,5441.0,31048.8,8472.45,621.0711742733333,430.2435881333333
江苏,2015,0.8822990126885191,244.01,8.644137101623572,0.46429684456564085,0.6749248346361997,0.1347818465134398,36015,0.6777209822507112,71876.0,8315.0,5612.0,33371.8,9687.58,634.16123836,429.7843773666666
江苏,2016,0.8345346667910365,253.7529734775944,9.337931034482759,0.44775060949742657,0.6892972199021596,0.12754672813603676,40952,0.6723725719720259,78261.2,8381.0,5777.0,35041.5,9981.96,653.1168446466667,439.13785263333335
江苏,2017,0.7456098688172517,297.6881832498806,10.271031698919623,0.45223429107104257,0.7017689659266295,0.12276816521004384,41518,0.6610271982780793,86512.9,8423.0,5911.0,39124.1,10621.03,645.0487202,426.39474826666674
江苏,2018,0.6901251897696213,334.0213950577423,11.06515510300734,0.4507925094402411,0.7119346436182808,0.12473583910340982,42019,0.6511895698029193,93456.3,8446.0,6013.0,42129.4,11657.35,644.9654677266666,419.99478546666666
江苏,2019,0.6376220100851155,361.9268959293209,11.788511040264494,0.4435374095149189,0.7246428149722517,0.12594090962359608,39681,0.6353533652595129,99836.9,8469.0,6137.0,44281.4,12573.55,636.5820485866667,404.45454683333344
江苏,2020,0.6006339769422868,381.6125734960462,12.335330895363926,0.43409080911113107,0.7344579450277221,0.1308405360793982,45975,0.6405637390845764,104566.6,8477.0,6226.0,45391.4,13681.55,628.0625281333333,402.31408139999996
江苏,2021,0.5583669640860651,412.9212849219292,14.092087007642563,0.44701184448975917,0.7394473838918283,0.12169270407465133,68813,0.6548832197848239,119853.2,8505.0,6289.0,53575.8,14585.26,669.2206741999998,438.26138986666655
江苏,2022,0.5394535270754627,424.0648274777478,14.628796241926013,0.4442961942516389,0.7442160892542572,0.11962803116786365,89248,0.6595835810759219,124564.2,8515.0,6337.0,55343.4,14901.37,671.9659703733334,443.21772110000006
浙江,2011,1.232100358234605,77.39,5.8084560143626565,0.5029193493050125,0.6229802513464991,0.11877038058176806,9135,0.661158607421301,32353.1,5570.0,3470.0,16271.0,3842.59,398.622661,263.55280343333334
浙江,2012,1.0966549605557703,146.35,6.152770448548813,0.48717069056706264,0.629023746701847,0.11898394728190174,11571,0.6668019620719254,34978.5,5685.0,3576.0,17040.5,4161.88,383.59345537800004,255.780868684
浙江,2013,1.0192721852828834,205.77,6.573876210235132,0.4776755305299645,0.6393499308437067,0.12440976979904426,11139,0.6492020901642842,38023.3,5784.0,3698.0,18162.8,4730.47,387.56092082666663,251.60535986666665
浙江,2014,0.93460084197438,224.45,6.917504244482173,0.48057755601424507,0.6495755517826826,0.12663354939733606,13372,0.6414792944357942,40744.1,5890.0,3826.0,19580.7,5159.57,380.79470165488334,244.27191654246332
浙江,2015,0.8626957622450365,264.85,7.388805346700083,0.4659784722536294,0.6631578947368421,0.15028673510922164,23345,0.6402952218168101,44222.0,5985.0,3969.0,20606.5,6645.98,381.50131998000006,244.27347229999998
浙江,2016,0.7883776490936762,268.1048518167274,7.920915678524374,0.44850485905214177,0.6772068511198946,0.14500767218759225,26576,0.6530792609548589,48095.8,6072.0,4112.0,21571.2,6974.26,379.17653735279634,247.63233278578667
浙江,2017,0.7555079801413564,318.051975966357,8.611863857374392,0.43750094099579945,0.6891410048622366,0.1417199897619657,28742,0.632172709457521,53135.2,6170.0,4252.0,23246.7,7530.32,401.44067626407,253.77984000031668
浙江,2018,0.6771999881305037,357.4451772130045,9.455077315479036,0.42669658768843244,0.7001434720229556,0.1454945651532497,32550,0.6295908843531919,59311.7,6273.0,4392.0,25308.1,8629.53,401.65882536,252.88073506666663
浙江,2019,0.6485125415274168,387.4877673895826,10.138352941176471,0.412230783512811,0.715764705882353,0.15554261047159304,33964,0.5802310245154407,64632.0,6375.0,4563.0,26643.3,10053.03,419.14662583999996,243.2018761333333
浙江,2020,0.6767779292135975,406.8779471527735,10.384121830550402,0.3966113050793202,0.7217068645640075,0.15010920947822137,49888,0.5083351897981173,67164.5,6468.0,4668.0,26638.2,10082.01,454.5545122666667,231.06605426666667
浙江,2021,0.6852171479735418,434.6093890357063,11.737813455657493,0.40865729698183945,0.726605504587156,0.14348396997080712,56796,0.5254405717480968,76765.3,6540.0,4752.0,31370.7,11014.59,526.0089992933333,276.3864693333333
浙江,2022,0.7043391670834881,440.0446679210633,12.280675079823627,0.4069988857248979,0.7337691956819219,0.14879014485576328,61286,0.5037335759518294,80770.0,6577.0,4826.0,32873.3,12017.78,568.8947452533333,286.5713843666666
安徽,2011,1.9076569113736208,33.07,2.7683690555927662,0.49532744197862416,0.44792364367046217,0.19978527403267463,2026,0.8509786395273995,16532.7,5972.0,2675.0,8189.1,3302.99,315.38719418666665,268.38776543333336
安徽,2012,1.9120701243349438,96.63,3.1137002341920375,0.4968329778603931,0.46303111408497827,0.21280078651745757,3066,0.8587131857623753,18613.7,5978.0,2768.0,9247.9,3961.01,355.9069967333334,305.62203100000005
安徽,2013,1.8535825988516639,150.83,3.4883433533734136,0.48991296521481026,0.478623914495658,0.20823670780632125,4241,0.8489656227692615,20888.2,5988.0,2866.0,10233.4,4349.69,387.18004041333324,328.7025441333333
安徽,2014,1.756044358376317,180.59,3.81535767883942,0.47999405612590523,0.4930798732699683,0.2038442879806999,5184,0.8301552717009016,22880.7,5997.0,2957.0,10982.6,4664.1,401.79524150701,333.5524378813813
安徽,2015,1.6271928799457664,211.28,4.016419896855765,0.44892659064644796,0.5097321577108634,0.2170018266391083,11180,0.8291143578623512,24142.7,6011.0,3064.0,10838.3,5239.01,392.8482954266666,325.7161621999999
安徽,2016,1.4185085543998355,228.7783349079038,4.442433283606829,0.4297382206766861,0.5262721697331344,0.20607099682103786,15292,0.8302298009017026,26801.2,6033.0,3175.0,11517.5,5522.95,380.1773146818087,315.634536275622
安徽,2017,1.3171621563024412,271.5963212655823,4.976357932970117,0.420718072576953,0.54284299157999,0.20582082025625545,12440,0.8195233203907641,30141.8,6057.0,3288.0,12681.2,6203.81,397.01638282836916,325.36418430503585
安徽,2018,1.1415338147750598,303.8302993639327,5.657883475971034,0.4099914769339069,0.5564516129032258,0.1911770267007589,14846,0.8154400785992678,34377.3,6076.0,3381.0,14094.4,6572.15,392.42850410666665,320.0019302333333
安徽,2019,1.061499518244964,330.2899769494866,6.169533814839133,0.39632777080096204,0.5702560735390676,0.19668110512760476,14958,0.8151670347318067,37584.8,6092.0,3474.0,14895.9,7392.22,398.96247093333324,325.2210543999999
安徽,2020,1.0281729433307099,350.164685502378,6.3274037674037675,0.39573323530629995,0.5832923832923833,0.19347196910077455,21432,0.8050644689031138,38628.8,6105.0,3561.0,15286.7,7473.59,397.17086993333334,319.7481554666667
安徽,2021,0.9629627518397875,384.6236566400171,7.051006052674628,0.39267750586968825,0.5939800425323082,0.17611500876973188,23624,0.7962012262871386,43102.8,6113.0,3631.0,16925.5,7591.05,415.06390899999997,330.4743933333333
安徽,2022,0.8540645191773331,393.3208246403174,7.430243185898482,0.3887306123435204,0.6015994777215603,0.18406944740373993,26180,0.9016281840865776,45525.1,6127.0,3686.0,17697.0,8379.78,388.81372642,350.5654141
福建,2011,1.1549833662357838,61.76,4.80845665961945,0.5120361413999297,0.5811310782241015,0.1208109831164263,1945,0.7260290954156406,18195.2,3784.0,2199.0,9316.6,2198.18,210.15153345333334,152.57612773333335
福建,2012,1.0166790857824497,123.21,5.339963551158553,0.5132418043177253,0.5930747201249674,0.12712814712249157,2977,0.69719314878869,20510.8,3841.0,2278.0,10527.0,2607.5,208.52901392666666,145.38499983333332
福建,2013,0.8908358278815144,183.1,5.882033462033462,0.516613643623888,0.607979407979408,0.13429197827732728,2941,0.6917019701727954,22851.7,3885.0,2362.0,11805.5,3068.8,203.57113088000003,140.8105523
福建,2014,0.9047003721630461,202.59,6.420633713561471,0.5197556989111467,0.6200253485424588,0.13054790085829115,3426,0.6210910620027216,25329.4,3945.0,2446.0,13165.1,3306.7,229.15517606666663,142.32623166666662
福建,2015,0.8586451557752753,245.21,6.854292168674699,0.5030010070493455,0.6322791164658634,0.14653776435045318,5730,0.5779232413649065,27307.5,3984.0,2519.0,13735.7,4001.58,234.4745259133333,135.50827803333334
福建,2016,0.7190645424602858,252.670866105184,7.519721115537849,0.486228112002967,0.6439243027888446,0.1415732867095817,7170,0.5475114618604543,30199.2,4016.0,2586.0,14683.7,4275.4,217.15173930666663,118.89306623333331
福建,2017,0.6764578725475959,299.282344890188,8.47040590405904,0.47310366459302633,0.657810578105781,0.13603981157172645,8718,0.57317860242541,34432.2,4065.0,2674.0,16290.0,4684.15,232.9193275913333,133.50437466666665
福建,2018,0.6482492509760708,334.435835390687,9.552826510721248,0.4807523568542627,0.6698343079922028,0.12326781414520668,9858,0.5955817192563735,39204.8,4104.0,2749.0,18847.8,4832.69,254.14482234666661,151.36401023333332
福建,2019,0.6496686233151517,360.5089661342004,10.268092820884698,0.46089959533040953,0.6787527193618564,0.11953949118507691,8963,0.5631921915320209,42479.1,4137.0,2808.0,19578.6,5077.93,275.9733841666666,155.4260550333333
福建,2020,0.6447707845611466,380.1262309929718,10.497957221821677,0.44663019092532397,0.6875751021389089,0.11941074126642554,10250,0.5737920338650884,43682.0,4161.0,2861.0,19509.7,5216.1,281.648774112,161.60782293333332
福建,2021,0.6341186988876479,410.312544044324,11.846811559589204,0.45228475926665135,0.6969190351086697,0.10492837069024609,12561,0.5776814840111274,49602.6,4187.0,2918.0,22434.5,5204.72,314.5393617344444,181.70356526666666
福建,2022,0.568154077041325,420.7524353823293,12.44021012416428,0.4312892997259096,0.7012893982808023,0.10923730700427643,16213,0.5862712724547189,52099.6,4188.0,2937.0,22470.0,5691.22,296.00600152222216,173.53981516666664
江西,2011,1.2353282666803216,29.74,2.6189986589181937,0.5409049789202383,0.4575324094769781,0.21631078566917575,679,0.7633317075398351,11717.4,4474.0,2047.0,6338.0,2534.6,144.74835432,110.49100846666667
江西,2012,1.1307230169023945,91.93,2.894480446927374,0.5321860910382311,0.47396648044692735,0.23309400284108456,892,0.73037818796012,12952.8,4475.0,2121.0,6893.3,3019.22,146.46029093333334,106.9714019
江西,2013,1.1206037591259368,146.13,3.233556747095621,0.5293780314231625,0.49039320822162646,0.2397708900465682,923,0.7201214662489368,14473.4,4476.0,2195.0,7661.9,3470.3,162.18946447333335,116.79611496666665
江西,2014,1.0434124489761598,175.69,3.5398660714285715,0.5195099189083526,0.5055803571428571,0.24483245683729962,1033,0.7214578745770917,15858.6,4480.0,2265.0,8238.7,3882.7,165.47060663333332,119.38007216666666
江西,2015,1.000556704499416,208.35,3.7973467112597543,0.49131882262449295,0.5230769230769231,0.2590877864612386,1639,0.7172982456007129,17031.1,4485.0,2346.0,8367.7,4412.55,170.4058129,122.23179063333333
江西,2016,0.9416881163251818,223.755471260304,4.172864768683274,0.4654553013666503,0.5398131672597865,0.24611432104556208,1914,0.6945200612850723,18761.2,4496.0,2427.0,8732.5,4617.4,176.67199088,122.70224193333334
江西,2017,0.8733272165847058,267.1677806704849,4.54391487475061,0.4607661384747483,0.5570826867656838,0.2493691944422762,2238,0.71009042094838,20497.6,4511.0,2513.0,9444.6,5111.47,179.01111954666663,127.1140812333333
江西,2018,0.796804903932907,296.2276946633527,5.1001329492577,0.43799121515060674,0.5734544648792378,0.24623298532817192,2524,0.7014120724070527,23016.9,4513.0,2588.0,10081.2,5667.52,183.3997879333333,128.6388253333333
江西,2019,0.7530217231569866,319.1299771393303,5.474756421612046,0.420049344766219,0.5907883082373782,0.2583238958097395,2744,0.6902761592458548,24724.0,4516.0,2668.0,10385.3,6386.8,186.17709083333335,128.5136072
江西,2020,0.7092751665930956,340.6109193880743,5.714848417791547,0.411676101822237,0.6043372427528214,0.25843084715047976,4407,0.6963243198281265,25825.4,4519.0,2731.0,10631.7,6674.08,183.17314887333333,127.54791829999999
江西,2021,0.6342090956112187,372.173686443655,6.60575603276511,0.42091345992720736,0.6145671906132388,0.2271876319617135,6741,0.6785986367349155,29838.2,4517.0,2776.0,12559.3,6778.87,189.2365783666667,128.41568410000002
江西,2022,0.5118393230824787,378.8288285344864,6.971753533568904,0.4065148045020131,0.620803886925795,0.2308998641033195,8655,0.8200560210497148,31568.1,4528.0,2811.0,12832.9,7289.07,161.57794934999995,132.50297023333331
山东,2011,2.4646833604394867,38.55,4.099534402483187,0.5029049517944576,0.5086394205897569,0.12624476301044874,5856,0.7604665677733952,39622.0,9665.0,4916.0,19926.1,5002.07,976.5568410733333,742.6388291666667
山东,2012,2.311750836740414,100.35,4.489524103831892,0.48815513843287606,0.5202925422332098,0.13547355355024632,7453,0.7498901438002533,43584.3,9708.0,5051.0,21275.9,5904.52,1007.5604199374523,755.5596281943397
山东,2013,1.9653178670401037,159.3,4.931058895957316,0.47059496734161366,0.5345782885286271,0.13918153235354708,8913,0.7146703732903278,48058.1,9746.0,5210.0,22615.9,6688.8,944.49442586,675.0021839
山东,2014,1.9355548663594666,181.88,5.256188825448613,0.4575512048835464,0.547716150081566,0.13922277591668333,10538,0.6953609157914358,51552.7,9808.0,5372.0,23588.0,7177.31,997.8307935896967,693.8525344354266
山东,2015,1.8735772988171104,220.66,5.692185282789377,0.4418678362010788,0.5697344415163187,0.14690424169903007,16881,0.6900212518384339,56159.1,9866.0,5621.0,24814.9,8250.01,1052.1841488199998,726.0294235333332
山东,2016,1.8369713779846057,232.5660105934724,5.98642334302617,0.4282058067822842,0.591296500551489,0.14664704719727448,19404,0.6526762535638286,59702.6,9973.0,5897.0,25565.0,8755.21,1096.7196739126373,715.8028879790439
山东,2017,1.7226714181778005,272.0590280002899,6.374823083823383,0.4209848245583862,0.6078939499651151,0.1447561391274981,19090,0.6139300837902899,63958.6,10033.0,6099.0,26925.6,9258.4,1101.7965216666666,676.4260308666666
山东,2018,1.7977413526777912,301.1300790400797,6.734583705467896,0.4055690465103943,0.6145678277265059,0.14884033454948398,20338,0.6145945917454936,67864.4,10077.0,6193.0,27523.7,10100.96,1220.0263825466668,749.8216165
山东,2019,1.728173989611839,327.3614075497964,7.126885018800713,0.39521244913175135,0.6186423906590145,0.14911300769323688,20652,0.5943306288856598,72024.3,10106.0,6252.0,28464.9,10739.76,1244.7052187999998,739.7664354666666
山东,2020,1.7130766621075124,347.8058398863928,7.3148942449581895,0.3901237158046638,0.6304968027545499,0.15107772214444315,26745,0.5687857637945473,74355.9,10165.0,6409.0,29008.0,11233.52,1273.7735697999997,724.5042727999999
山东,2021,1.4941090353903255,380.6834394088193,8.341986234021633,0.4017539310214762,0.6394296951819076,0.13806501803437138,36345,0.5586742642106374,84838.0,10170.0,6503.0,34084.0,11713.16,1267.5722234444443,708.1599792666665
山东,2022,1.3464170647777653,390.3757911893213,8.80836367214405,0.4025630198593824,0.6453803010921972,0.13548605106826006,48696,0.5851416597543878,89519.4,10163.0,6559.0,36037.2,12128.63,1205.3044778866667,705.2738627
河南,2011,2.4954043214991493,28.4,2.7705527956875597,0.5163206445853458,0.4047140894197231,0.1620932237660326,2462,0.8793455243393624,26212.2,9461.0,3829.0,13533.9,4248.82,654.10037156,575.1802342
河南,2012,1.8902272789099157,83.68,3.0296370121695344,0.5030801461294735,0.41984892992026857,0.17336080475093926,3182,0.8378541566372287,28878.5,9532.0,4002.0,14528.2,5006.4,545.86928474,457.3588492
河南,2013,1.8797907921428736,142.08,3.303186044082315,0.48903906847894146,0.43601796719941505,0.176535827003232,3173,0.839606089292141,31621.4,9573.0,4174.0,15464.1,5582.31,594.4161655466667,499.07543216666664
河南,2014,1.6108269703833826,166.65,3.5885121824779675,0.47910214034763315,0.45049248315189216,0.17418321237056214,3493,0.8352744448370112,34611.2,9645.0,4345.0,16582.3,6028.69,557.5265443733333,465.6876748333333
河南,2015,1.4594900410164993,205.34,3.793237810534996,0.46581898027620916,0.47015771569941245,0.18477398351006302,5384,0.8320061922697061,36798.2,9701.0,4561.0,17141.3,6799.35,537.0660642733334,446.84229113333333
河南,2016,1.3364936881349527,223.1225848913924,4.107966864389446,0.45162157654035456,0.4878298220494989,0.18556551657177284,6811,0.840739675648118,40167.7,9778.0,4770.0,18140.6,7453.74,536.8387751689834,451.34165771090403
河南,2017,1.2506490559101682,266.9235218761297,4.536219350900397,0.44935798952597755,0.505646556109472,0.18426025814988842,7914,0.8488348934964361,44586.5,9829.0,4970.0,20035.3,8215.52,557.6206413133871,473.3278576806633
河南,2018,0.9908489283751215,295.756397412612,5.096664639091647,0.42660248441027576,0.522404703974047,0.18335166638487474,8339,0.8420365943028006,50273.5,9864.0,5153.0,21446.8,9217.73,498.1344360066667,419.447424
河南,2019,0.8634245026885973,322.1206620643292,5.427663872336128,0.4128356714732049,0.5401474598525402,0.18913402295898904,6991,0.8350838546548425,53739.3,9901.0,5348.0,22185.5,10163.93,463.99828377333336,387.4774753666667
河南,2020,0.8577521369039486,340.8131206635064,5.448204405995373,0.39542767251470623,0.5542701941454582,0.19151689604620334,9183,0.8229507709206366,54160.6,9941.0,5510.0,21416.6,10372.67,464.5637038599999,382.31305823333327
河南,2021,0.8212565408512363,374.3744438889366,5.849124759688354,0.390455118679604,0.5645047050490741,0.1692581681425574,13536,0.8211982018331235,57806.9,9883.0,5579.0,22571.0,9784.29,474.74294731333333,389.85805466666665
河南,2022,0.8287379956944193,382.3945349322519,5.9569894651539705,0.37618565010525884,0.5706037277147488,0.1810443923723885,14574,0.8739772461454078,58807.4,9872.0,5633.0,22122.5,10646.75,487.35926808,425.94091099999997
湖北,2011,1.591240512252636,39.82,3.511857638888889,0.48279390754536966,0.5178819444444445,0.15892289515184171,3160,0.7995418503243902,20228.3,5760.0,2983.0,9766.1,3214.74,321.88090453999996,257.35725399999995
湖北,2012,1.3585266742463245,101.42,3.964884967998616,0.4865669037127525,0.5322608545234389,0.16403254657301164,4050,0.7893533749733455,22921.0,5781.0,3077.0,11152.6,3759.79,311.387899004,245.79508900466666
湖北,2013,0.9783551437365176,164.76,4.45872714729217,0.45824065728752844,0.5450155225939979,0.16910493313785938,4052,0.7027957732273628,25851.7,5798.0,3160.0,11846.3,4371.65,252.9214366933333,177.75211666666667
湖北,2014,0.8742086868363077,190.14,4.952871389270977,0.45157068517213483,0.5572558459422283,0.17128956220774214,4855,0.6774174808154463,28805.9,5816.0,3241.0,13007.9,4934.15,251.82368012138,170.5897629975
湖北,2015,0.8247354141988676,226.75,5.241299145299145,0.4425568137344431,0.5717948717948718,0.20001695932371436,7766,0.6767052140746558,30661.6,5850.0,3345.0,13569.5,6132.84,252.87707375999997,171.1232343333333
湖北,2016,0.7521517928397339,239.8553930826098,5.737909940526762,0.4302052855399851,0.5857264231096007,0.19021132683400654,8517,0.6794117816275265,33767.6,5885.0,3447.0,14527.0,6422.98,253.98360879894997,172.5594561582833
湖北,2017,0.709475321444268,285.2769470562437,6.372662601626016,0.4176540630764242,0.5987466124661247,0.1807682289590211,10880,0.6724268148535296,37624.2,5904.0,3535.0,15713.9,6801.26,266.93441389083426,179.49385770740744
湖北,2018,0.6081618836784481,319.4768636953569,7.170103092783505,0.41422964962110054,0.6099374683116444,0.17108272147647052,11393,0.655091318956084,42425.5,5917.0,3609.0,17573.9,7258.27,258.01571996,169.0238583
湖北,2019,0.6198003150867167,344.4025142250852,7.68635059895394,0.40382597624953354,0.6183566728530454,0.17495028206422722,14178,0.6475446690809553,45557.0,5927.0,3665.0,18397.1,7970.21,282.36242954405554,182.842286
湖北,2020,0.5636040455772469,358.6358584525988,7.487832898172323,0.3803001562151306,0.6288946910356832,0.19626571449825186,17555,0.6506528655572643,43017.6,5745.0,3613.0,16359.6,8442.88,242.44893391023774,157.75009359999999
湖北,2021,0.5728325697330781,391.9015022504354,8.592332761578046,0.3841092521355151,0.6408233276157804,0.1583778669003639,22376,0.6375861507183429,50093.3,5830.0,3736.0,19241.3,7933.67,286.9507376541,182.9558162666667
湖北,2022,0.5507949228350595,398.8103179856837,9.145345653661876,0.37325008326254455,0.6466461327857632,0.16135850793520118,29212,0.6717121173540435,53445.4,5844.0,3779.0,19948.5,8623.87,294.3745496888889,197.73495206666666
湖南,2011,1.4056838965603555,32.68,2.913903662057438,0.46325691996412255,0.4496277161525604,0.18359858993345987,2606,0.7999720091848668,19176.4,6581.0,2959.0,8883.6,3520.76,269.55956674000004,215.64010820000001
湖南,2012,1.279655366859257,93.71,3.264597875569044,0.46141296011378796,0.4622154779969651,0.19145939564091718,3353,0.7709456135899374,21513.7,6590.0,3046.0,9926.7,4119.0,275.30121665999997,212.24226539999998
湖南,2013,1.1135811321427924,147.71,3.6236818181818182,0.4563331284521435,0.4763636363636364,0.196137780509527,3613,0.7513411105937939,23916.3,6600.0,3144.0,10913.8,4690.89,266.32740430666666,200.10272773333332
湖南,2014,0.9729299778910467,167.27,3.9795946150355466,0.449468054779525,0.48978974436545153,0.19070891820700825,4160,0.7456181189364974,26309.1,6611.0,3238.0,11825.1,5017.38,255.96912081333335,190.85521436666667
湖南,2015,0.8694931816357011,206.38,4.355510204081633,0.4396026614187986,0.5079365079365079,0.19883311293675834,6776,0.7514703998250952,28811.7,6615.0,3360.0,12665.7,5728.72,250.51576701333332,188.25518359999998
湖南,2016,0.8502971936879967,217.6911117493732,4.713207547169811,0.4144755804643715,0.5269433962264151,0.20301553242594075,6967,0.7462675801211172,31225.0,6625.0,3491.0,12942.0,6339.16,265.50529872907697,198.13799679188259
湖南,2017,0.8086322821402069,261.117691792446,5.145137946630483,0.3943951687339024,0.5462083521785014,0.20128488002414463,7909,0.7681580896382929,34127.7,6633.0,3623.0,13459.8,6869.39,275.9675993519634,211.98674392027
湖南,2018,0.6640752676500324,286.8088004631649,5.520617935192163,0.3795895635461229,0.560964581763376,0.20419745941090872,8261,0.7223082543409917,36629.3,6635.0,3722.0,13904.1,7479.61,243.24612201333332,175.69868176666665
湖南,2019,0.6062046334441086,310.8504202587501,6.013659638554216,0.37501972166778946,0.5745481927710844,0.20120909475666593,8479,0.7034233534395942,39930.7,6640.0,3815.0,14974.8,8034.42,242.06175356666665,170.2718904333333
湖南,2020,0.5459666372457549,332.0348487480758,6.2744469525959365,0.3736128000153501,0.5876598946576373,0.2015443580205163,11537,0.6933358424620024,41693.7,6645.0,3905.0,15577.3,8403.13,227.6336918333333,157.8265975
湖南,2021,0.4765423851249892,362.364784941951,6.909075807913017,0.3786924696023553,0.5971005738447599,0.18197058482817108,16564,0.6912244741810967,45751.9,6622.0,3954.0,17325.9,8325.5,218.02719549999995,150.70573356666662
湖南,2022,0.4508737613615275,371.94909802507,7.26194730466384,0.36531624612420477,0.6031193216232587,0.1874896523826106,20423,0.6881807794435868,47957.9,6604.0,3983.0,17519.8,8991.61,216.22958760000003,148.80504613333335
广东,2011,0.9282823306597345,69.48,5.0213462253625885,0.4843787030453845,0.6656749721085905,0.12428160919540229,18242,0.6246579211228441,54009.6,10756.0,7160.0,26161.1,6712.4,501.36157366,313.1794783333333
广东,2012,0.8382985059090742,127.06,5.258364278597953,0.4710167144353194,0.6714971469975546,0.12725052361792427,22153,0.6127391140078601,58057.6,11041.0,7414.0,27346.1,7387.86,486.6959933666667,298.2176717666667
广东,2013,0.773382381729883,184.78,5.657258207630878,0.46022965213395167,0.6809228039041704,0.13192214852260054,20084,0.5889024993330737,63757.3,11270.0,7674.0,29343.0,8411.0,493.0877252666667,290.38059380000004
广东,2014,0.7193907662891404,201.53,6.057394029071285,0.45881362313092916,0.6862216032726957,0.13151591961306675,22276,0.5794448549684742,69593.4,11489.0,7884.0,31930.4,9152.64,500.64849354666666,290.09819373333335
广东,2015,0.6567404323615684,240.95,6.492618599075184,0.44728887060015193,0.6950676485699606,0.16918576432852198,33477,0.5645870474606679,75820.8,11678.0,8117.0,33913.8,12827.8,497.9458497400001,281.13377710000003
广东,2016,0.6070690755197418,247.9961739439923,7.011538461538461,0.42517372630651046,0.7014612025529056,0.16104374717043504,38626,0.5539467671573036,83493.4,11908.0,8353.0,35499.2,13446.09,506.86261150000007,280.77490503333337
广东,2017,0.5733015147031839,296.1679399373422,7.660390412651347,0.41435065717038255,0.707437608104769,0.16168498830167904,45740,0.5582327544410337,93004.8,12141.0,8589.0,38536.6,15037.48,533.1979271466668,297.6485475333334
广东,2018,0.5470168940446172,331.9175855205789,8.250396825396825,0.40636205422479704,0.7180919987042436,0.1543962801801015,53259,0.5313529102442047,101875.9,12348.0,8867.0,41398.5,15729.26,557.27838396,296.11149113333335
广东,2019,0.49995375756545624,360.6078177591673,8.84523180398751,0.39403773578073664,0.7264793017855713,0.1565868336651033,59742,0.5294212683422981,110468.1,12489.0,9073.0,43528.6,17297.85,552.2894168611658,292.3937635666666
广东,2020,0.5058073500623612,379.5347551530972,9.007358998732572,0.3848106876418645,0.7415240811153359,0.1532931019471651,70695,0.4965552836936062,113708.9,12624.0,9361.0,43756.4,17430.79,575.1479738750602,285.5927653333333
广东,2021,0.5248709973814272,406.5309358238781,10.0581362346263,0.3917402298526228,0.7462945443077893,0.14302697813249055,102850,0.5202204117787472,127577.4,12684.0,9466.0,49977.2,18247.01,669.6167718132929,348.34831276666665
广东,2022,0.4972357212895139,416.3588510334678,10.472236706960576,0.38734457411742695,0.7478075373311212,0.13982259891012327,115080,0.5188954834547336,132547.1,12657.0,9465.0,51341.4,18533.08,659.0715287333333,341.98923953333326
广西,2011,1.6551333952721516,33.89,2.2497744360902256,0.4049767490713951,0.4189044038668099,0.24303952180431027,634,0.6617856452990623,10472.7,4655.0,1950.0,4241.2,2545.28,173.33715508666666,114.71204103333332
广西,2012,1.6774796580438276,89.35,2.4492117596932257,0.3916897169597968,0.4348103962505326,0.2596619870222501,902,0.6115260693731617,11496.6,4694.0,2041.0,4503.1,2985.23,192.8531263666667,117.93471433333333
广西,2013,1.4965769959360493,141.46,2.6803212851405624,0.37137832594672177,0.45106742760515744,0.2530377111493147,1295,0.6182465868545765,12680.6,4731.0,2134.0,4709.3,3208.67,189.7749425466667,117.32771050000002
广西,2014,1.3242663377523747,166.12,2.9049685534591196,0.3713438264521856,0.46540880503144655,0.2511268916841672,1933,0.5875346144577615,13856.7,4770.0,2220.0,5145.6,3479.79,183.49961362333332,107.81237474333334
广西,2015,1.1525197883372587,207.23,3.124132197048431,0.3586778619046985,0.4799418000415714,0.27048941464518106,4017,0.5495560108662074,15030.2,4811.0,2309.0,5391.0,4065.51,173.22602922666667,95.1974056
广西,2016,1.1115088091757424,223.3246591958281,3.380111179740581,0.34238481592476183,0.49248507309038503,0.27055161659722726,5159,0.5673175144532188,16417.2,4857.0,2392.0,5621.0,4441.7,182.47862422,103.52331953333332
广西,2017,1.0726909809259781,261.9380256670158,3.682840839616874,0.33966367303574097,0.5058080293458325,0.27161528799172185,4553,0.553260592387425,18071.7,4907.0,2482.0,6138.3,4908.55,193.853496,107.25150003333333
广西,2018,1.0493788848068084,289.2483019562251,4.033090762078027,0.33545512412476125,0.5182939155043461,0.26617982427562564,4330,0.5775380451899699,19951.7,4947.0,2564.0,6692.9,5310.74,209.36892695999998,120.91852079999998
广西,2019,1.0617424895157321,309.9130207128347,4.283721397029305,0.3219220767050114,0.5297069450020072,0.2741587985849167,3413,0.5978451753447461,21341.5,4982.0,2639.0,6870.3,5850.96,226.5917734,135.46679849999998
广西,2020,0.9988150637957455,325.1706763931218,4.43329348475792,0.3176349508105363,0.541940625622634,0.2777202514977057,3521,0.6336600222930832,22250.7,5019.0,2720.0,7067.6,6179.47,222.24334339999996,140.82672193333332
广西,2021,0.9452413650360947,355.1140248743083,5.025114155251141,0.33673626612409374,0.5507246376811594,0.22940323568338503,4573,0.5904530356850711,25311.5,5037.0,2774.0,8523.3,5806.54,239.25476811111113,141.26870413333333
广西,2022,0.867524682339315,362.0237316476128,5.234733505052507,0.3356321229991256,0.5565682583713097,0.2230653641033017,5472,0.6227209763854008,26419.7,5047.0,2809.0,8867.3,5893.32,229.19741850000003,142.72604023333335
海南,2011,2.097751066756432,45.56,2.837191011235955,0.26585085739178643,0.503370786516854,0.308423428775098,272,0.2867947592945707,2525.1,890.0,448.0,671.3,778.8,52.97031218666667,15.191607933333332
海南,2012,1.8940949841691108,102.94,3.1468131868131866,0.2609302975275877,0.5098901098901099,0.31836499511104904,396,0.314566518229761,2863.6,910.0,464.0,747.2,911.67,54.23930396666666,17.061868999999998
海南,2013,1.6229893334166172,158.26,3.480326086956522,0.23451700552796775,0.5228260869565218,0.315803116899341,449,0.3593594147979181,3201.9,920.0,481.0,750.9,1011.17,51.966495466666665,18.674649399999996
海南,2014,1.6619464145863927,179.62,3.783333333333333,0.2333954591663843,0.5331196581196581,0.3105557438156557,380,0.32051396168296237,3541.2,936.0,499.0,826.5,1099.74,58.85284643333333,18.863158966666667
海南,2015,1.7277244199469517,230.33,4.002857142857143,0.2334047109207709,0.5492063492063493,0.3276574933248738,417,0.30504653358286415,3782.7,945.0,519.0,882.9,1239.43,65.35463163333334,19.936203833333334
海南,2016,1.4997699837790093,231.5591936314589,4.337513061650992,0.21777884847024814,0.567398119122257,0.331602023608769,383,0.301034881656722,4151.0,957.0,543.0,904.0,1376.48,62.255452026666674,18.741062633333335
海南,2017,1.3343691515297946,275.6396368225138,4.6840534979423865,0.21884952447890357,0.5802469135802469,0.3171539019086736,373,0.3346002146755247,4552.9,972.0,564.0,996.4,1443.97,60.75249310000001,20.327797233333335
海南,2018,1.2755725777013975,309.7181098592779,5.095926680244399,0.21044322768874144,0.5916496945010183,0.3379761000759362,489,0.3367826015517409,5004.2,982.0,581.0,1053.1,1691.3,63.832202933333335,21.497575366666666
海南,2019,1.214543535870344,328.7521355233544,5.469447236180905,0.20131934363572881,0.5939698492462312,0.3415225740063578,530,0.315818830874323,5442.1,995.0,591.0,1095.6,1858.6,66.0966737656,20.87457423333333
海南,2020,1.138991211057533,344.0490659178224,5.573913043478261,0.19050489292298964,0.6027667984189723,0.34967735073039286,721,0.29178670473770724,5640.8,1012.0,610.0,1074.6,1972.46,64.24821623333332,18.7467753
海南,2021,1.0509211784889407,375.3539027256966,6.381274509803921,0.189448293874541,0.6098039215686275,0.30287298929158535,954,0.3066241185933385,6508.9,1020.0,622.0,1233.1,1971.37,68.40340858666666,20.974134866666667
海南,2022,0.8824167244339002,382.2824214574306,6.731061343719571,0.18536627705126724,0.6144109055501461,0.3034038305751649,1602,0.3451058144867597,6912.8,1027.0,631.0,1281.4,2097.37,60.99970332666665,21.051352299999998
重庆,2011,1.4611872922180962,41.89,3.503430706521739,0.44320881123898354,0.5499320652173914,0.2491967306890567,1865,0.8374469634495793,10314.1,2944.0,1619.0,4571.3,2570.24,150.70831850666667,126.21022370000003
重庆,2012,1.2659852272748024,100.02,3.9656470588235293,0.44992286697519884,0.5663865546218487,0.2582142433335029,2426,0.7898328119988309,11797.8,2975.0,1685.0,5308.1,3046.36,149.35840514342664,117.96816913009332
重庆,2013,1.0114647737989424,159.86,4.4090999667884425,0.4510914596483828,0.582862836267021,0.23066632519320873,2360,0.792402941777567,13275.8,3011.0,1755.0,5988.6,3062.28,134.28004044,106.40389906666665
重庆,2014,0.9329331289300796,184.71,4.90032862306934,0.454314397419476,0.5974367400591521,0.2215971351354976,2321,0.7805835894831837,14911.7,3043.0,1818.0,6774.6,3304.39,139.1161893866667,108.59181446666668
重庆,2015,0.8536331098968265,221.84,5.311368078175896,0.442048583641504,0.614657980456026,0.23255386087244495,3964,0.7732042988069278,16305.9,3070.0,1887.0,7208.0,3792.0,139.19256126666664,107.62428673333332
重庆,2016,0.778179015034198,233.8881269932102,5.874951768488746,0.4250099884517079,0.6334405144694534,0.21902403248846541,5044,0.7805201341205212,18271.1,3110.0,1970.0,7765.4,4001.81,142.18186601591333,110.97580913224665
重庆,2017,0.63064884604754,276.3056599169835,6.444274809160305,0.4173082997709864,0.6501272264631043,0.2140231382768696,6138,0.7615939356739294,20260.8,3144.0,2044.0,8455.0,4336.28,127.77450139999999,97.3122854
重庆,2018,0.5661726225449845,301.5320313859045,6.913310148593108,0.4043664367900196,0.6661397407524502,0.2076641300967677,6570,0.7339425792458545,21866.8,3163.0,2107.0,8842.2,4540.95,123.80383502666666,90.86490599999999
重庆,2019,0.5304693095141609,325.4710297328823,7.430865746549561,0.38243786302850197,0.6822459222082811,0.20463325678778876,6988,0.7207543285878776,23689.6,3188.0,2175.0,9059.8,4847.68,125.66605754666666,90.57435493333332
重庆,2020,0.34910638023804136,344.7642653000158,7.839856653162979,0.3834152817581614,0.69460891243378,0.19452780615388285,7637,0.6071436677347389,25158.1,3209.0,2229.0,9646.0,4893.95,87.82853224666667,53.32453719999999
重庆,2021,0.4354607921687283,373.2232936568921,8.746108343711084,0.38015484559935925,0.7033001245330013,0.17211212957194982,9413,0.658595401135507,28092.5,3212.0,2259.0,10679.5,4835.06,122.33182304,80.56717606666666
重庆,2022,0.43449735991491667,382.225786648983,8.954808590102708,0.36415517972459144,0.7096171802054155,0.1700543587818628,12207,0.687616878881113,28771.8,3213.0,2280.0,10477.4,4892.77,125.01271139999999,85.96085043333332
四川,2011,1.315508127395827,40.16,2.6429935515873013,0.4698706429379114,0.4185267857142857,0.21934490993801936,3270,0.7181056100649958,21313.1,8064.0,3375.0,10014.4,4674.92,280.3755627,201.33926449999998
四川,2012,1.1959279082541792,100.13,2.9962770562770564,0.46361801287105414,0.43351886209029067,0.2250159959380637,4460,0.7295657176535872,24224.9,8085.0,3505.0,11231.1,5450.99,289.7123398466667,211.36419113333335
四川,2013,1.0332276174306734,153.04,3.312171661117277,0.4623842075477318,0.44962387470711557,0.23161878592916926,4566,0.7345193553266955,26858.4,8109.0,3646.0,12418.9,6220.91,277.5084064,203.83529576666663
四川,2014,1.0164433544409435,173.82,3.607015603882541,0.4456339947202589,0.46504484580415284,0.23151187941752532,5682,0.6754948422646475,29357.5,8139.0,3785.0,13082.7,6796.61,298.40235778,201.5692536
四川,2015,0.8225477537997109,215.48,3.7614812103465103,0.42792361762101394,0.4826744753538311,0.2431958766230607,9105,0.6048907337204554,30829.1,8196.0,3956.0,13192.5,7497.51,253.58406956666664,153.3906539
四川,2016,0.7383248474777052,225.4146284967609,4.106071991273785,0.39700170015820924,0.5000605987153073,0.2363954874967532,10350,0.5920710973086338,33879.2,8251.0,4126.0,13450.1,8008.89,250.1385517266667,148.0998068
四川,2017,0.596517102274055,267.796800927946,4.646772831463385,0.378252776039733,0.5177946676318012,0.22573765937726362,11367,0.5461914544455565,38517.1,8289.0,4292.0,14569.2,8694.76,229.76108880000004,125.49354326666668
四川,2018,0.586381566901705,294.3042748413172,5.232423987501503,0.3687934954868049,0.535031847133758,0.22296102345024002,11697,0.5828481801465784,43539.0,8321.0,4452.0,16056.9,9707.5,255.30467041333333,148.8038625333333
四川,2019,0.5863160154330541,317.1103835714752,5.648257693689378,0.3647066056656335,0.5535863968387019,0.2193868378539961,12053,0.547464244061517,47168.6,8351.0,4623.0,17202.7,10348.17,276.55705605555556,151.4050996333333
四川,2020,0.5393539284984761,334.8228849568659,5.906713654282642,0.35584516969325575,0.5673157328873492,0.22648432301684093,14187,0.5303530108273318,49445.1,8371.0,4749.0,17594.8,11198.54,266.6840893,141.4367097
四川,2021,0.4877106549878805,363.6076766657632,6.585200668896322,0.36306961744054644,0.5782369804108934,0.20343597919874917,19337,0.5216812648327807,55131.3,8372.0,4841.0,20016.5,11215.69,268.88122433333336,140.2702972
四川,2022,0.45227183703816853,371.6112502453594,6.879555767852878,0.35261606612809715,0.5834726534511584,0.2068179845650189,25458,0.5339240602145043,57609.4,8374.0,4886.0,20314.0,11914.66,260.55109168666667,139.11449676666666
贵州,2011,4.721744328735027,18.47,1.6120396600566573,0.3969598453562956,0.35042492917847023,0.3952903962744926,596,0.9412406010647068,5690.5,3530.0,1237.0,2258.9,2249.4,268.6908610266667,252.90274753333335
贵州,2012,4.2063408277558905,75.87,1.9035684415946474,0.3978852096483648,0.3629774184555339,0.4035793266062301,635,0.929910325269773,6828.1,3587.0,1302.0,2716.8,2755.68,287.21315805999996,267.0824812333333
贵州,2013,3.8892304952619057,121.22,2.2246420704845815,0.39245535217020017,0.3788546255506608,0.3815220485402047,776,0.9209453002570581,8079.9,3632.0,1376.0,3171.0,3082.66,314.2459347866667,289.40331676666665
贵州,2014,3.437612196181769,154.62,2.528555887952135,0.38530787846195214,0.4025020397062823,0.38104866899704226,1047,0.907490342663578,9297.5,3677.0,1480.0,3582.4,3542.8,319.61199394,290.0447979
贵州,2015,3.0087937881835685,193.29,2.9361111111111113,0.36985974226378004,0.42961165048543687,0.3618502631554776,1501,0.9039560303681538,10887.1,3708.0,1593.0,4026.7,3939.5,327.5703885133333,296.1092280666666
贵州,2016,2.8709348829312917,209.4548956657985,3.228818520489622,0.36828225055423236,0.4555614688664183,0.3512770007994132,2036,0.8994100852756386,12133.9,3758.0,1712.0,4468.7,4262.36,348.35636776,313.31523043333334
贵州,2017,2.4193611800155925,251.4571182825003,3.699000788850907,0.35336560676178086,0.4775177491454115,0.327889502605333,1875,0.8917085546181255,14067.3,3803.0,1816.0,4970.9,4612.52,340.33879527633337,303.48301521633334
贵州,2018,1.8345616650090852,276.9097063682835,4.156619570905285,0.34659398486775017,0.49529042386185246,0.3165988946659449,2081,0.8671449160230644,15886.6,3822.0,1893.0,5506.2,5029.68,291.44947347333334,252.72892919999998
贵州,2019,1.676553171379218,293.5114212343498,4.483316008316008,0.33831832040714593,0.5148128898128899,0.34481851169153366,1900,0.8636469274508177,17251.8,3848.0,1981.0,5836.6,5948.74,289.23560001999994,249.79743726666663
贵州,2020,1.5174726233456957,307.9366935776525,4.745541731467081,0.32122589208173347,0.5316226023846553,0.31349169502356855,2268,0.8568288360032472,18308.3,3858.0,2051.0,5881.1,5739.5,277.8234403,238.04713496666665
贵州,2021,1.483031539775684,340.7975070732278,5.171677050882658,0.31884465371235815,0.5433541017653167,0.2806046794134921,2824,0.87316233965256,19921.3,3852.0,2093.0,6351.8,5590.01,295.4391621333333,257.9663500333333
贵州,2022,1.3249185018100536,344.6822565194504,5.337007261410788,0.30907942369834057,0.5482365145228216,0.28432955125245996,3645,0.888860073667546,20579.5,3856.0,2114.0,6360.7,5851.36,272.66160307999996,242.35801259999997
云南,2011,1.9429212927520632,24.91,2.0922510822510825,0.39430179387970454,0.3658008658008658,0.303076700254495,1006,0.8901100449804075,9666.2,4620.0,1690.0,3811.4,2929.6,187.80665799999994,167.16859279999994
云南,2012,1.73498186655285,84.43,2.432800690995465,0.3957288550810825,0.3847980997624703,0.31711032015834834,1301,0.8797373189402048,11266.3,4631.0,1782.0,4458.4,3572.66,195.46826203144374,171.96072477744374
云南,2013,1.502889696118318,137.9,2.806938159879336,0.3838566055116297,0.3999138116785176,0.31446303830505873,1312,0.8631303472091142,13027.0,4641.0,1856.0,5000.5,4096.51,195.78144071333327,168.98490289999995
云南,2014,1.3153703561874024,164.05,3.067934665807006,0.3766348396858866,0.412207178164625,0.31088959096608776,1423,0.8439252666850892,14275.1,4653.0,1918.0,5376.5,4437.98,187.77043371610787,158.4642133494412
云南,2015,1.1632005347275574,203.76,3.2937164915290587,0.3575651426562317,0.4293373364786618,0.30685283814931047,2079,0.8368392212485016,15358.6,4663.0,2002.0,5491.7,4712.83,178.65131732666663,149.50242926666664
云南,2016,1.1001635010012891,217.3378524034132,3.586401539448364,0.3426455859207326,0.44644002565747276,0.29921185672723805,2125,0.8148458713562683,16773.6,4677.0,2088.0,5747.4,5018.86,184.53702500395224,150.36923293683893
云南,2017,1.0507352292421646,256.2732841998509,4.019731515022373,0.3349024098046076,0.46281696143191986,0.30284077054376984,2259,0.7610761364346849,18864.6,4693.0,2172.0,6317.8,5712.97,198.21699805561735,150.8582270558507
云南,2018,0.9589643185625948,285.7906228348972,4.556134382309164,0.3391669583479174,0.47437805655964277,0.28351557577878894,2297,0.6630560132430486,21427.5,4703.0,2231.0,7267.5,6075.03,205.48207936,136.24612833333333
云南,2019,0.7200748929176793,303.4609477624845,5.0704497242257105,0.3410620824111689,0.4866355536699194,0.28324247660247426,2174,0.7845774017041477,23902.1,4714.0,2294.0,8152.1,6770.09,172.1130209800766,135.03598679999996
云南,2020,0.8158630888047221,318.4776667943248,5.339792460821686,0.3342441848936128,0.5004235493434985,0.2765876777251185,2458,0.64606909962778,25214.5,4722.0,2363.0,8427.8,6974.02,205.71579852666665,132.9066207333333
云南,2021,0.731284336179139,346.9307969727468,5.947825159914712,0.3418210236132969,0.5104477611940299,0.2378307456811721,3643,0.6701971474150127,27895.3,4690.0,2394.0,9535.2,6634.36,203.99395943017936,136.71616970000002
云南,2022,0.6759787281251102,354.7062737065577,6.243575538035372,0.34079949216923594,0.5171532069038994,0.22865319049455482,4091,0.6845162765005165,29301.1,4693.0,2427.0,9985.8,6699.79,198.06920310666663,135.58159339999997
陕西,2011,2.7964012518837773,40.96,3.2722709163346613,0.5263187798800334,0.4735723771580345,0.23788849116484442,3139,0.7318684072568854,12320.1,3765.0,1783.0,6484.3,2930.81,344.5194306333333,252.14288696666665
陕西,2012,2.830809545758936,98.24,3.779112754158965,0.5319009188414912,0.49722735674676527,0.23224679453586278,4018,0.7468888797666446,14311.5,3787.0,1883.0,7612.3,3323.8,405.1313081412901,302.58806889604347
陕西,2013,2.9978101169521656,148.37,4.2340431125131435,0.5226526266119469,0.5157728706624606,0.2275550560960618,4133,0.7705053659745184,16106.3,3804.0,1962.0,8418.0,3665.07,482.8362908666666,372.02795299999997
陕西,2014,2.8467432293278003,178.73,4.608204860203815,0.5128830320488104,0.5301802978834597,0.2246875637914219,4885,0.7706425460531247,17635.6,3827.0,2029.0,9045.0,3962.5,502.0402489513335,386.8935756730002
陕西,2015,2.9104615545891233,216.12,4.729147165886635,0.4763831694001089,0.547321892875715,0.2405975269816311,6812,0.7895746447076647,18188.3,3846.0,2105.0,8664.6,4376.06,529.3634789333335,417.9719808000001
陕西,2016,3.0486397787188415,229.3667337313894,4.996024780588539,0.46017484215638665,0.5640165203923593,0.22678691370526904,7503,0.8304774121537903,19354.6,3874.0,2185.0,8906.5,4389.37,590.0520346119168,490.02488674058344
陕西,2017,2.9290594067052687,266.845754540902,5.577894467213114,0.4644587414642659,0.5806864754098361,0.22194929303226932,8774,0.8386935862148881,21776.1,3904.0,2267.0,10114.1,4833.19,637.834905463546,534.9480442762555
陕西,2018,2.3664569422044113,295.9475079271147,6.195573645382854,0.4604964935043605,0.5965403205291274,0.21771642550955048,8884,0.8236352855702554,24354.8,3931.0,2345.0,11215.3,5302.44,576.34585536,474.6987831666667
陕西,2019,2.333039606757074,322.8910973930364,6.646678498985802,0.4421293558908238,0.6128296146044625,0.21814339392321044,9843,0.8254303800382762,26214.5,3944.0,2417.0,11590.2,5718.52,611.5946677133331,504.82881899999984
陕西,2020,2.358397769961086,342.0421727683304,6.64905183312263,0.40769289272540593,0.6265486725663717,0.22551317640795526,12122,0.831498584687956,26297.0,3955.0,2478.0,10721.1,5930.32,620.1878615666668,515.6853291333334
陕西,2021,1.8764113799439577,374.15713613754,7.707789580171977,0.4253525655749001,0.6363176530096105,0.19914360525780436,15516,0.8122389744390208,30476.6,3954.0,2516.0,12963.3,6069.22,571.8663906200002,464.49217063333344
陕西,2022,1.8206244768270188,381.292994695606,8.350758341759352,0.4317978181113708,0.6400404448938322,0.2046573998958699,18963,0.8104513166496425,33035.6,3956.0,2532.0,14264.7,6760.98,601.4542196666666,487.4493642333333
甘肃,2011,3.4768405085336114,18.84,1.9124999999999999,0.468908148421333,0.37264890282131663,0.36700473292765384,552,0.6415094834927354,4880.7,2552.0,951.0,2288.6,1791.24,169.69415469999996,108.86040953333331
甘肃,2012,3.1770086318894633,76.29,2.1447450980392158,0.45588853741931945,0.38784313725490194,0.37658115594887637,704,0.6508532988142531,5469.1,2550.0,989.0,2493.3,2059.56,173.75377908666667,113.08822029999999
甘肃,2013,2.970818227875732,128.39,2.407686243594797,0.43776500826743936,0.40480882932597556,0.378111749586628,785,0.6411004991592226,6108.3,2537.0,1027.0,2674.0,2309.62,181.46648981333334,116.3382572
甘肃,2014,2.722245637513702,159.76,2.6192809166337416,0.42587564485473806,0.42275780323982615,0.38336651884031736,812,0.6472856401603396,6629.4,2531.0,1070.0,2823.3,2541.49,180.46855229333335,116.8147024
甘肃,2015,2.599218370280959,199.78,2.6925881886642884,0.3687991285659611,0.4423305588585018,0.43546824859422384,1238,0.6436239825533636,6793.4,2523.0,1116.0,2505.4,2958.31,176.57530076666666,113.6480983
甘肃,2016,2.3548518752341443,204.1109842711307,2.8599603174603176,0.34459075078741797,0.4607142857142857,0.43707316396331397,1308,0.6431983379674282,7207.1,2520.0,1161.0,2483.5,3150.03,169.71652950000004,109.16138970000002
甘肃,2017,2.2765389413091923,243.7797495090275,3.030372720063442,0.32916808415984083,0.48136399682791436,0.43237118258184387,1340,0.6439644127667752,7642.6,2522.0,1214.0,2515.7,3304.44,173.98676512849633,112.04128503516299
甘肃,2018,2.18174573784276,266.8229732988198,3.3259244532803183,0.3301493179671715,0.4970178926441352,0.450970148361567,1280,0.6606547259372503,8364.7,2515.0,1250.0,2761.6,3772.23,182.49648573333334,120.56716576666665
甘肃,2019,2.048329081624012,289.1404686384269,3.6083300119569546,0.3218936741298753,0.5069748903945795,0.4364817248958943,1154,0.6510660262817364,9053.3,2509.0,1272.0,2914.2,3951.6,185.44137674666666,120.73458026666665
甘肃,2020,2.1021605070559506,305.4995935746279,3.727748900439824,0.31018652594094237,0.5221911235505797,0.44656820156385746,1446,0.6609341041083374,9323.1,2501.0,1306.0,2891.9,4163.4,195.98652623333334,129.53417913333334
甘肃,2021,1.9939374629210658,341.1583231189977,4.260240963855422,0.3329185520361991,0.5333333333333333,0.38014328808446457,2253,0.6845694120501347,10608.0,2490.0,1328.0,3531.6,4032.56,211.51688606666667,144.79799033333333
甘肃,2022,1.8303572955615561,345.217811038412,4.636276083467095,0.34461120343442736,0.5421348314606742,0.36847043345796976,2472,0.7460321046214812,11553.6,2492.0,1351.0,3981.5,4257.16,211.47216049999997,157.76502096666664
青海,2011,3.60879177219141,18.33,2.44419014084507,0.3984009219909242,0.4647887323943662,0.6968738745227977,70,0.7254814776201937,1388.3,568.0,264.0,553.1,967.47,50.10085617333334,36.34724316666667
青海,2012,3.7831705732067102,61.47,2.7108581436077057,0.4006718780282964,0.47810858143607704,0.7487886814393694,101,0.7508430913171932,1547.9,571.0,273.0,620.2,1159.05,58.55969730266667,43.96914414933334
青海,2013,4.080107380143233,118.01,3.0404553415061293,0.3922585104544669,0.4921190893169877,0.7073613271124936,91,0.7691705188109573,1736.1,571.0,281.0,681.0,1228.05,70.83474422666666,54.48399696666666
青海,2014,3.3348324661795816,145.93,3.2553819444444443,0.381206335662098,0.5086805555555556,0.7185910084795478,110,0.7383729834924725,1875.1,576.0,293.0,714.8,1347.43,62.531443573333334,46.17152855333333
青海,2015,2.1443419318827175,195.15,3.560311958405546,0.37049116487367956,0.5164644714038128,0.7375553716594461,207,0.6219573456481446,2054.3,577.0,298.0,761.1,1515.16,44.05121630666667,27.397977566666665
青海,2016,2.3002400838129864,200.3815755453878,3.9702749140893467,0.37551391353269575,0.5360824742268041,0.659886614445839,271,0.6529559493677369,2310.7,582.0,312.0,867.7,1524.8,53.15164761666667,34.70568453
青海,2017,1.9341726930075487,240.2032734914942,4.295221843003413,0.3876440206595153,0.5546075085324232,0.608041319030592,240,0.6586987688186265,2517.0,586.0,325.0,975.7,1530.44,48.683126683000005,32.06751560833333
青海,2018,1.752034174791957,263.1238566844342,4.769846678023851,0.3906210936104861,0.5724020442930153,0.5883888710311083,298,0.6478570661502686,2799.9,587.0,336.0,1093.7,1647.43,49.05520486,31.780761100000003
青海,2019,1.4992454053815425,282.646000190663,5.118983050847457,0.3880537712734256,0.588135593220339,0.6170684060658235,292,0.6125799069841176,3020.2,590.0,347.0,1172.0,1863.67,45.280209733333336,27.73774666666667
青海,2020,1.3412466435110042,298.2266665124684,5.194940978077572,0.37573849250146074,0.6003372681281619,0.627423229241057,333,0.5886018418588033,3080.6,593.0,356.0,1157.5,1932.84,41.3184441,24.3201123
青海,2021,1.3343953505692094,329.8893883587991,5.801851851851852,0.40324405884571857,0.6094276094276094,0.5381191422685199,454,0.6336656649137724,3446.3,594.0,362.0,1389.7,1854.52,45.98726696666667,29.140552099999997
青海,2022,1.2388281679084858,329.753234742678,6.180504201680672,0.44017512372872136,0.6151260504201681,0.5370914232881927,458,0.6636842338728322,3677.4,595.0,366.0,1618.7,1975.1,45.55666704666666,30.235241666666663
宁夏,2011,9.745737036356521,31.31,3.0236111111111112,0.46945337620578775,0.5015432098765432,0.36028683713571175,103,0.9419895675404568,1959.3,648.0,325.0,919.8,705.91,190.94822575333333,179.87123659999997
宁夏,2012,8.7219989565809,87.13,3.2807283763277693,0.45906567992599445,0.511380880121396,0.3997964847363552,140,0.8875893266310472,2162.0,659.0,337.0,992.5,864.36,188.5696174412791,167.37237976777908
宁夏,2013,7.939281748347356,136.74,3.550900900900901,0.4480104867013404,0.5285285285285285,0.39007146179542473,184,0.87203721112034,2364.9,666.0,352.0,1059.5,922.48,187.75607406666663,163.73028319999997
宁夏,2014,7.757742362391248,165.26,3.711504424778761,0.44257669686854234,0.5486725663716814,0.3975719281513273,243,0.8823817804509325,2516.4,678.0,372.0,1113.7,1000.45,195.21582880721337,172.25489059511338
宁夏,2015,7.3119253780517015,214.7,3.8665204678362572,0.42227851930275645,0.5701754385964912,0.4304798275796877,442,0.8759685063837326,2644.7,684.0,390.0,1116.8,1138.49,193.37849047333333,169.39346746666666
宁夏,2016,6.649046166500659,212.3555956543532,4.105467625899281,0.4134510917183612,0.5870503597122302,0.4396803700977815,560,0.8499758489827076,2853.3,695.0,408.0,1179.7,1254.54,189.71723426876332,161.25506726424334
宁夏,2017,6.915209049182358,255.5878968487477,4.6405673758865245,0.42975913925907816,0.6099290780141844,0.4196050861963565,657,0.8705211680202963,3271.6,705.0,430.0,1406.0,1372.78,226.23797925305,196.94494994991666
宁夏,2018,6.589251189558547,272.9234266463695,5.043098591549295,0.41560073730659663,0.6211267605633802,0.3963190526727364,744,0.8953895766308311,3580.6,710.0,441.0,1488.1,1419.06,235.93472809333332,211.25349629999997
宁夏,2019,6.557301607589628,292.312030066333,5.357740585774058,0.4133801900299362,0.6359832635983264,0.3744084342053885,598,0.8916782330092181,3841.5,717.0,456.0,1588.0,1438.29,251.89874125555556,224.6126245
宁夏,2020,6.429634593869922,310.0156694138568,5.598058252427184,0.3976017045736088,0.6490984743411928,0.36677072493929935,703,0.8981919100132834,4036.2,721.0,468.0,1604.8,1480.36,259.5129114777778,233.09239763333335
宁夏,2021,6.075582846768337,344.8620837546305,6.436551724137931,0.43642987249544624,0.6606896551724138,0.30598735669131044,1103,0.9006419330391336,4666.5,725.0,479.0,2036.6,1427.89,283.51707354444443,255.34736516666663
宁夏,2022,5.819462885651079,356.6262260216,7.099038461538462,0.4486368297827054,0.6634615384615384,0.3072405719703566,1204,0.9100800571199728,5168.1,728.0,483.0,2318.6,1587.85,300.7556613933334,273.71172950000005
新疆,2011,4.333057364146336,20.34,2.9697078651685396,0.4681578788062231,0.4373033707865169,0.34573672740480654,302,0.6247320269352793,6607.6,2225.0,973.0,3093.4,2284.49,286.31109839333334,178.86771283333331
新疆,2012,4.446173740204902,82.45,3.3286728806036394,0.443482898859924,0.4420772303595206,0.36270018001200083,456,0.6616711561206381,7499.5,2253.0,996.0,3325.9,2720.07,333.4407996466666,220.62815939999996
新疆,2013,3.948356164929252,143.4,3.727964989059081,0.40851568369646885,0.44945295404814006,0.3600582268970699,540,0.6353248017251542,8518.4,2285.0,1027.0,3479.9,3067.12,336.3367715533334,213.6830927
新疆,2014,3.896296515464211,163.67,4.043096774193549,0.407363673113338,0.4679569892473118,0.3529488734282249,605,0.6290116837480483,9400.2,2325.0,1088.0,3829.3,3317.79,366.2596650466668,230.38160860000005
新疆,2015,3.971335785467103,205.49,4.002389937106918,0.36101071686728053,0.48763102725366875,0.39859517898111185,950,0.6794201369787191,9545.7,2385.0,1163.0,3446.1,3804.87,379.0918000733333,257.5626027333333
新疆,2016,4.144214328501733,208.7221503585339,4.083154859967051,0.3476028606300245,0.5041186161449753,0.4174189773953742,910,0.7181481165215072,9913.9,2428.0,1224.0,3446.1,4138.25,410.8532643133333,295.0534979333333
新疆,2017,3.9461890731886085,248.6877443208806,4.621290322580645,0.35740960491414214,0.5189516129032258,0.4046174787100377,950,0.7393340443979723,11460.8,2480.0,1287.0,4096.2,4637.24,452.2648373,334.37479129999997
新疆,2018,3.668515530112915,271.8397109073096,5.202420634920635,0.3552375649308548,0.540079365079365,0.3823349936308647,923,0.7725384912644767,13110.1,2520.0,1361.0,4657.2,5012.45,480.9460545133333,371.5493393333333
新疆,2019,3.702737030044183,294.3408185668762,5.480617428683079,0.34402384330726066,0.5552950371238765,0.37900377186290096,856,0.790958115719692,14024.9,2559.0,1421.0,4824.9,5315.49,519.3051657266666,410.7486353666666
新疆,2020,3.894682073593134,308.3492833758535,5.506640926640927,0.3364487947161027,0.5652509652509653,0.3879597818008442,859,0.8040066015639294,14262.2,2590.0,1464.0,4798.5,5533.16,555.4673467,446.59941369999996
新疆,2021,3.7640150922788314,341.7678467569026,6.485708767864041,0.37407616949051603,0.5724217844727694,0.3202161808057648,1153,0.8178187686670831,16791.5,2589.0,1482.0,6281.3,5376.91,632.03459422,516.8897536
新疆,2022,3.679981449017546,342.6589624651427,7.1706609972941635,0.39420500795126817,0.5790490916119057,0.3684752432548988,1711,0.8354741905331645,18550.5,2587.0,1498.0,7312.7,6835.4,682.6549586999998,570.3405990333332
