province,year,carbon_intensity,digital_finance,gdp_per_capita,industrial_structure,urbanization,government_intervention,innovation,energy_structure,gdp_nominal,gdp_index_previous_year_100,gdp_real,population,urban_population,secondary_industry,fiscal_expenditure,carbon_emissions_mt,patent_grants,coal_related_tce,total_energy_tce
北京,2011,0.5365969439519335,79.41,8.721986166007905,0.20184894608939974,0.8621541501976284,0.18383135164530146,9.672878705110646,0.15712185710294102,17653.3,107.8,17653.3,2024.0,1745.0,3563.3,3245.23,94.72706830666667,15880,807.543843,5139.6022036
北京,2012,0.504130740897563,150.65,9.157967949951876,0.19705339758691354,0.8628488931665063,0.1883306163540011,9.910512817472881,0.14710604571605526,19568.3,107.8,19030.2574,2078.0,1793.0,3856.0,3685.31,95.93737762533331,20140,776.5463621387001,5278.82017600822
北京,2013,0.4233859979448359,215.62,9.636026805835293,0.19168122873172078,0.864,0.19192771084337348,9.937695723865865,0.12314405622491834,21746.0,107.6,20476.556962399998,2125.0,1836.0,4168.3,4173.66,86.69487504,20695,612.9153630000002,4977.2224644
北京,2014,0.40496959804521965,235.36,10.120380295096822,0.18801823772664616,0.8650391524643022,0.19190626656770227,10.053544148742807,0.10899531545865644,23577.5,107.3,21971.3456206552,2171.0,1878.0,4433.0,4524.67,88.97727004509333,23237,555.0511654665,5092.431386897901
北京,2015,0.3553586100847727,276.38,10.724587350484349,0.16976964826900107,0.8670018281535649,0.22039171701729654,10.471893167932329,0.08987661375420951,26034.1,106.8,23465.397122859755,2188.0,1897.0,4419.8,5737.7,83.38630906666667,35308,464.47098149999994,5167.873622499999
北京,2016,0.2984886264555511,286.3704823827899,11.43871294827332,0.1640651647227194,0.8674259681093394,0.2252835045202488,10.611597234485588,0.07197277422819744,28438.7,107.0,25107.974921459936,2195.0,1904.0,4665.8,6406.77,74.94444947387,40602,367.1443038084,5101.155370839666
北京,2017,0.26076532746221076,329.943803306312,12.245001443009176,0.16118930341985385,0.8691886964448496,0.21785583175583143,10.738394678133906,0.0434417639740186,31325.9,107.0,26865.533165962133,2194.0,1907.0,5049.4,6824.53,70.05599553469,46091,225.22213037355579,5184.460983404249
北京,2018,0.25027707953923545,368.5369834296447,13.101849887962373,0.15577878013958488,0.8708941605839416,0.21248954819773958,10.757455972332892,0.01722872930064641,35161.4,106.9,28719.25495441352,2192.0,1909.0,5477.4,7471.43,71.87771256533334,46978,92.73042600000002,5382.3137146
北京,2019,0.23444771024896965,399.0025774708307,13.953099210728762,0.15391479333809938,0.8735159817351598,0.19615510895755553,10.88045937522055,0.012664845771501617,37767.0,106.4,30557.28727149599,2190.0,1913.0,5812.9,7408.19,71.6408603222222,53127,68.844234,5435.8525356
北京,2020,0.21322857551524008,417.875399830429,14.154906027088595,0.15322723070050595,0.8752855185015989,0.18481856242013736,11.055119145179875,0.011074920438963009,38503.6,101.4,30985.089293296933,2189.0,1916.0,5899.8,7116.18,66.06906452222222,63266,53.91079200000001,4867.8265724
北京,2021,0.1979804812777308,445.4406172141791,15.457157381580744,0.1743422313514781,0.8752855185015989,0.16245786425016967,11.279870457047238,0.007099257832902946,44350.7,109.2,33835.71750828025,2189.0,1916.0,7732.2,7205.12,66.98811636666666,79210,36.326436,5116.934312716153
北京,2022,0.19840254645726554,452.8302315021897,15.647470093114952,0.15391487404472118,0.8759157509157509,0.16516482981885083,11.386545582088326,0.0058650797831426155,45222.4,101.0,34174.074683363055,2184.0,1913.0,6960.4,7469.15,67.8022344,88127,28.300566000000003,4825.265306934333
天津,2011,1.8098303036112995,60.58,6.1452647278150625,0.4558173963692846,0.8046234153616704,0.21798005048053587,7.835579246669965,0.30137744557631885,8240.8,113.4,8240.8,1341.0,1079.0,3756.3,1796.33,149.14449565999996,2528,1815.5222455,6024.0813377
天津,2012,1.5605839880716517,122.96,6.656030769230768,0.44968998150766887,0.8156748911465893,0.23313499401718699,8.109826276018477,0.3109407062970375,9193.0,111.3,9172.0104,1378.0,1124.0,4134.0,2143.21,143.13692568666664,3326,2043.081521,6570.6466848
天津,2013,1.4956102631854167,175.26,7.161974078297871,0.4374205971097348,0.8226950354609929,0.2530183023662061,8.052614818815567,0.2864516138568551,10075.2,110.1,10098.383450399999,1410.0,1160.0,4407.1,2549.21,151.03245929999997,3141,1917.784042,6694.966791
天津,2014,1.3258856401467938,200.16,7.596754520069979,0.4293807911286421,0.8257522743177047,0.2683641573326387,8.09559870137819,0.2753303067992019,10749.2,107.5,10855.76220918,1429.0,1180.0,4615.5,2884.7,143.93499225999997,3279,1902.201374,6908.7976406
天津,2015,1.1653897865570306,237.53,8.056952077417819,0.4122984241266576,0.8290479499652537,0.2968399882452338,8.439231649946526,0.25263023503126014,10889.2,106.8,11593.954039404241,1439.0,1193.0,4489.6,3232.35,135.1147562333333,4624,1765.6550335000002,6989.088353900001
天津,2016,1.0626770403316455,245.8382049483305,8.500626038592992,0.3802559414990859,0.832986832986833,0.3220536258379037,8.55371796609861,0.23399093958691317,11487.0,105.8,12266.403373689687,1443.0,1202.0,4368.0,3699.43,130.35225232666667,5185,1618.174097,6915.5416866
天津,2017,1.043888712534828,284.033712372482,8.97796332031756,0.3660592547440689,0.8354609929078014,0.2632729664265892,8.67334187390617,0.20664690597886892,12468.2,103.2,12658.928281647759,1410.0,1178.0,4564.1,3282.54,132.14512346,5844,1372.127449,6639.9612542
天津,2018,1.059069392598462,316.8846573713342,9.446141711251256,0.3605446234835323,0.8394793926247288,0.23138743279820445,8.635331719433278,0.20084072129234154,13411.1,103.2,13064.013986660486,1383.0,1161.0,4835.3,3103.16,138.35697357750334,5626,1343.808265,6690.91535
天津,2019,1.0058904693570843,344.1120785937147,9.885261124924325,0.3558791816814686,0.8433212996389892,0.25222810203444657,8.522379718103538,0.1935038406681345,14097.2,104.8,13691.08665802019,1385.0,1168.0,5016.9,3555.71,137.71733584444442,5025,1372.6564745,7093.691111041829
天津,2020,0.9246437774079365,361.4551313533893,10.019072067693218,0.34900356972201146,0.8471521268925739,0.2214457374146218,8.56845648535378,0.19424509076247448,14230.8,101.5,13896.452957890493,1387.0,1175.0,4966.6,3151.35,128.49268755555556,5262,1382.482651,7117.207676
天津,2021,0.9500958183802528,395.7348891947368,10.809476882029896,0.35918897422513857,0.8485069191551348,0.19589329654761017,8.906122330884303,0.16912825757862668,16093.2,106.8,14841.411759027047,1373.0,1165.0,5780.5,3152.55,141.0076325111111,7376,1154.0373555,6823.4449525
天津,2022,0.921283857373204,407.3049083668797,11.019448789534389,0.36728456460801157,0.851063829787234,0.16456159387527503,9.371268036082466,0.1616860317849589,16588.5,101.2,15019.508700135371,1363.0,1160.0,6092.7,2729.83,138.37230911111112,11745,1093.8691245,6765.390382979012
河北,2011,2.871527909805926,32.42,3.002170907079646,0.47327017230341245,0.45589048672566373,0.16292551942040465,7.293017679772782,0.63625953382218,21711.7,110.3,21711.7,7232.0,3297.0,10275.5,3537.39,623.4575251933333,1469,15294.653922500001,24038.3885969
河北,2012,2.721568837393251,89.32,3.2498785320848254,0.46591117577536667,0.4659873313136877,0.17405759195811804,7.56734567601324,0.6320270232416754,23437.3,108.7,23600.6179,7262.0,3384.0,10919.7,4079.44,642.3070621986535,1933,15619.307161934592,24713.036923362783
河北,2013,2.575671014545788,144.98,3.5038238978869374,0.45331743656500034,0.4802414928649835,0.17882161149433679,7.605392364814935,0.5586651438178267,24659.1,108.2,25535.8685678,7288.0,3500.0,11178.4,4409.58,657.7199650133333,2008,15787.024949499999,28258.4749097
河北,2014,2.2944822796025535,160.76,3.7172246201385764,0.4475454393018277,0.4936501433838591,0.18239283109955118,7.734996194022781,0.5419205297384367,25644.1,106.6,27221.235893274796,7323.0,3615.0,11476.9,4677.3,624.58643386,2286,15319.276535819103,28268.49269433122
河北,2015,2.199232589730753,199.53,3.9581048242365533,0.4307305162634002,0.5166780122532335,0.21059560800326052,8.253488028345904,0.526171094811966,26744.1,106.8,29072.279934017482,7345.0,3795.0,11519.5,5632.19,639.3670548866667,3840,14813.325279499999,28153.057865699997
河北,2016,1.9811961390235808,214.3588258878981,4.206118330792767,0.42702313389682023,0.5387118644067797,0.20947343635841092,8.354203562921775,0.509909338375378,28879.7,106.7,31020.122689596657,7375.0,3973.0,12332.3,6049.53,614.5694730466668,4247,14644.59697742,28720.00152827
河北,2017,1.6387808718630088,258.1665791018198,4.4631462798096955,0.4113244596095347,0.5574301525172088,0.21371553652765932,8.502688505213357,0.49623470142238707,31065.5,106.6,33067.450787110036,7409.0,4130.0,12778.0,6639.18,541.9030583118732,4927,13881.705607040101,27974.07268627152
河北,2018,1.6903547707828381,282.7720567868686,4.742369389748476,0.391662366831578,0.5732561271209264,0.23450420372112787,8.5422759717837,0.45643086212864487,32947.0,106.5,35216.835088272186,7426.0,4257.0,12904.1,7726.21,595.2894520333334,5126,15252.255978999998,33416.35556339999
河北,2019,1.576310341217098,305.0597074481554,5.055296993334627,0.3817957247322694,0.5877534577682288,0.23324603141184894,8.543055850941965,0.44442482405692435,35623.5,106.9,37646.79670936297,7447.0,4377.0,13600.9,8309.04,593.4303496666666,5130,14592.041228999999,32833.5422306
河北,2020,1.5058095770988245,322.6968664345796,5.24553437536676,0.3785288486346292,0.6007502679528403,0.2450413481254159,8.758726607842037,0.43690147095910054,36821.5,104.0,39152.668577737495,7464.0,4484.0,13938.0,9022.79,589.5646331333334,6365,14713.299725000003,33676.471019200006
河北,2021,1.3868268217312492,352.4399842691548,5.609008777181244,0.3992389347027331,0.6114393125671321,0.21473423386255197,9.06207235530708,0.39776265082314277,41205.4,106.7,41775.89737244591,7448.0,4554.0,16450.8,8848.21,579.35934978,8621,12793.166754000002,32162.815507
河北,2022,1.343960662296583,360.6507337110097,5.844121492263996,0.3797996680424924,0.616576819407008,0.2154168103837419,9.394576760974909,0.39485669210041974,43198.3,103.8,43363.38147259885,7420.0,4575.0,16406.7,9305.64,582.7867888333333,12022,12638.547727000001,32007.9359926
山西,2011,6.961473523729906,33.41,3.089584503088153,0.6133701647418015,0.498034811903425,0.2147958673705827,7.016609683894219,0.669264638158942,11005.1,110.1,11005.1,3562.0,1774.0,6750.2,2363.85,766.1171227599999,1114,7932.92075,11853.1897514
山西,2012,7.105329886075247,92.98,3.3902407835400226,0.5797693680888686,0.5132468996617813,0.2334627782431026,7.168579897264035,0.6655970474239483,11819.7,109.3,12028.5743,3548.0,1821.0,6852.7,2759.46,854.6698846066664,1297,8326.3368245,12509.5759615
山西,2013,11.42301824377699,144.22,3.712354897114569,0.5491628189750078,0.5287128712871287,0.24894674575658493,7.195187320178709,0.5891676721925294,12171.8,109.1,13123.1745613,3535.0,1869.0,6684.3,3030.13,1499.0626243,1332,8068.584754,13694.8871006
山西,2014,11.263283025150791,167.66,3.905706714672619,0.518241651092874,0.5430839002267573,0.25069310148695867,7.352441100243583,0.5859613236470032,12307.0,105.0,13779.333289365,3528.0,1916.0,6378.0,3085.28,1552.0053073600002,1559,8051.6728570000005,13740.962981800001
山西,2015,10.379048708421273,206.3,4.03708230216974,0.43367037495534266,0.5586814435919295,0.28439195420443497,7.796880342783522,0.5861718553638163,12036.1,103.1,14206.492621335316,3519.0,1966.0,5219.7,3422.97,1474.4987889266667,2432,7703.214725999999,13141.563613999999
山西,2016,9.699752670866038,224.8107298828103,4.2045396488869455,0.42052285754228996,0.5725668753557199,0.28197629953701037,7.788211557847076,0.5830486260897823,12160.1,104.0,14774.752326188727,3514.0,2012.0,5113.6,3428.86,1433.1144333733332,2411,7841.672534499999,13449.431460099999
山西,2017,9.65074715588968,259.9548522256562,4.4913563339154905,0.452023625426627,0.586039886039886,0.2559026098330279,7.776115477098742,0.5339499369701994,14679.1,106.7,15764.660732043372,3510.0,2057.0,6635.3,3756.42,1521.4075472333332,2382,7457.780209783201,13967.1899805832
山西,2018,9.837672794895848,283.6542400191222,4.789719879752756,0.4379654679287567,0.5985151342090235,0.2652066785942017,7.734121303328305,0.5001849256241194,16153.1,106.4,16773.59901889415,3502.0,2096.0,7074.5,4283.91,1650.1317874066667,2284,7087.330189,14169.4198004
山西,2019,9.52553935984351,308.7259742040338,5.09875200374163,0.42764138409104036,0.6128109808407206,0.2721252382877939,7.741099090035366,0.48102352589480746,17311.0,106.3,17830.335757084482,3497.0,2143.0,7402.9,4710.76,1698.4356505333335,2300,7280.042293,15134.482829
山西,2020,10.410752303844882,325.7269511290497,5.298010939855761,0.40874156031797476,0.625214899713467,0.280775379476671,8.002359546252707,0.47348544786596924,18202.7,103.7,18490.058180096607,3490.0,2182.0,7440.2,5110.87,1924.9541579666668,2987,7305.5708125,15429.3460241
山西,2021,10.380558734351931,359.7012077326922,5.81267920949014,0.4717859648818857,0.6341954022988506,0.2185838408163619,8.272826003650401,0.46739488331630946,23087.8,109.4,20228.12364902569,3480.0,2207.0,10892.5,5046.62,2099.7922562444446,3915,7475.3466635,15993.6424859
山西,2022,10.643610087127474,366.0658054686331,6.066693791893944,0.4937824520917468,0.6394714162596955,0.2290747353156721,8.522578663692576,0.40739618107003944,25653.2,104.4,21118.16108958282,3481.0,2226.0,12667.1,5876.5,2247.7347239466662,5026,6761.631196,16597.1884622
内蒙古,2011,7.705040266436367,28.89,3.8910121457489875,0.4207766262954177,0.5704453441295546,0.31102613726224665,5.8998973535824915,0.5380116357321074,9610.8,113.7,9610.8,2470.0,1409.0,4044.0,2989.21,740.5160099266664,364,7306.0717460000005,13579.7653076
内蒙古,2012,7.419806667886036,91.68,4.313938636363636,0.42801417439772915,0.5840097402597403,0.3220248333944299,6.345636360828596,0.5248561715813769,10638.9,110.6,10629.544799999998,2464.0,1439.0,4553.6,3425.99,788.6916738363333,569,6878.438760664549,13105.378450519132
内蒙古,2013,6.783120177035342,146.59,4.70644203568228,0.4203834301547705,0.5983706720977596,0.31821767991091854,6.309918278226516,0.5360228381427086,11584.9,108.7,11554.315197599999,2455.0,1469.0,4870.1,3686.52,783.7430854866665,549,7150.4400825,13339.8048995
内蒙古,2014,6.465013481482267,172.56,5.090692567664516,0.413208050220969,0.6096365863617803,0.31347547526520325,6.129050210060545,0.5155902155192319,12377.3,107.9,12467.106098210399,2449.0,1493.0,5114.4,3879.98,806.0000900000002,458,6881.394506999999,13346.635176290149
内蒙古,2015,5.619247652957152,214.55,5.497789410522291,0.4034005220972693,0.6209016393442623,0.32558046958132697,6.682108597449809,0.5247591819771779,13062.7,107.6,13414.60616167439,2440.0,1515.0,5269.5,4252.96,753.7999418933337,797,7316.663288499999,13942.8971227
内蒙古,2016,5.267158047757177,229.9258763150416,5.881280533936063,0.4020318466748325,0.6338259441707718,0.3251466243965704,6.77078942390898,0.5206769351862526,13879.0,106.8,14326.799380668248,2436.0,1544.0,5579.8,4512.71,754.615166564893,871,7448.561810159493,14305.534404928172
内蒙古,2017,5.13476207169158,258.5040157651248,6.124073718000402,0.39135503900758833,0.6461159062885327,0.3017961478757354,6.744059186311348,0.4773889526031127,15009.9,104.0,14899.871355894978,2433.0,1572.0,5874.2,4529.93,765.0729431133333,848,6819.520972699999,14285.041443699998
内蒙古,2018,5.471078540847719,271.5666079300939,6.4717855765489345,0.3898012047080828,0.6552436003303055,0.2972675645577097,6.762729506931879,0.48901484890697033,16252.9,105.2,15674.664666401519,2422.0,1587.0,6335.4,4831.46,857.5732149133332,864,8161.1565385,16688.9748987
内蒙古,2019,5.888152008688239,293.889210418314,6.841033771588903,0.3875419064727622,0.6645962732919255,0.29182409007174154,6.815639990074331,0.4886105499445401,17479.4,105.4,16521.096558387202,2415.0,1605.0,6774.0,5100.91,972.7872788599997,911,8934.830590000001,18286.2007196
内蒙古,2020,6.316357978762414,309.3943824333934,6.895821826076723,0.38526618019224435,0.6749895963379109,0.29904331740753765,7.0587581525186645,0.4761014493533486,17623.4,100.3,16570.659848062365,2403.0,1622.0,6789.7,5270.16,1046.6621954466668,1162,9372.520747999999,19685.973988799997
内蒙古,2021,5.837710432197128,344.7592446448328,7.380848073991113,0.44691171565175497,0.6820833333333334,0.2427435046884845,7.409741954080923,0.4307740031175845,21584.8,106.9,17714.03537757867,2400.0,1637.0,9646.5,5239.57,1034.0940912,1651,8357.836271,19401.9049676
内蒙古,2022,5.715835299521336,353.8960119021067,7.709773831557564,0.45877196300171874,0.6859641815910037,0.24742705614879998,7.628031126930335,0.4211607683967824,23795.7,104.5,18511.166969569713,2401.0,1647.0,10916.8,5887.7,1058.0678159999995,2054,8533.2931415,20261.3675865
辽宁,2011,3.162252008706505,43.29,3.7874628910710206,0.5112177651293616,0.640557204841288,0.23550071448813106,8.059908334578276,0.41141472161618786,16585.3,110.1,16585.3,4379.0,2805.0,8478.7,3905.85,524.4689824,3164,6835.5674285000005,16614.7856879
辽宁,2012,3.0079317109323305,103.53,4.1283181028571425,0.4902413998543657,0.6564571428571429,0.25147234051942896,8.287528423111763,0.38559562525773905,18127.6,108.9,18061.3917,4375.0,2872.0,8886.9,4558.59,543.2743283799999,3973,6955.18788,18037.517607600003
辽宁,2013,2.69887767831852,160.07,4.497762377525773,0.4711814603031591,0.6646048109965635,0.26606635507799103,8.25088114470065,0.3603861104482069,19534.3,108.7,19632.7327779,4365.0,2901.0,9204.2,5197.42,529.8634425866667,3830,6660.215585000002,18480.7776768
辽宁,2014,2.5120701700887826,187.61,4.757266134341991,0.4434806074135858,0.6704910509407985,0.24926968083801485,8.288031567776464,0.3572655370625657,20381.5,105.6,20732.165813462398,4358.0,2922.0,9038.8,5080.49,520.8065530133333,3975,6760.16348,18921.95798
辽宁,2015,2.357147132784995,226.4,4.913016702683113,0.4039442728654552,0.6804979253112033,0.21694517325174995,8.790269111478656,0.3301755591787387,20657.8,102.8,21312.666456239345,4338.0,2952.0,8344.6,4481.61,502.3709062932751,6569,6285.505869885644,19036.859922399708
辽宁,2016,2.3737427044522565,231.4106502533505,4.955059499647972,0.3775777649769585,0.6886988675756875,0.21973262288786483,8.814627555310697,0.2986010460322912,20832.0,100.6,21440.542454976778,4327.0,2980.0,7865.7,4577.47,508.94331231999996,6731,5545.236352000001,18570.7197804
辽宁,2017,2.3080750420200475,267.1759172806516,5.181132940186875,0.37678123897328253,0.6948051948051948,0.22073430021623675,8.950143756459262,0.2841454191891919,22105.4,104.2,22341.045238085804,4312.0,2996.0,8328.9,4879.42,515.6480892666667,7708,5521.523249999999,19432.033308
辽宁,2018,2.3764604137948613,290.950599675849,5.498052615105712,0.3752669666369461,0.7026334187835004,0.22135816036659964,8.878636747430072,0.27980839709222816,24113.5,105.6,23592.143771418607,4291.0,3015.0,9049.0,5337.72,560.6579574933332,7176,5605.5707115,20033.6043155
辽宁,2019,2.5208547041300022,311.0118716037849,5.824948286794026,0.3705422369759096,0.7121814355856909,0.2238413614952135,8.922924930641832,0.2771735140299966,25665.9,105.6,24913.303822618047,4277.0,3046.0,9510.3,5745.09,628.0281913666666,7501,5852.7131055,21115.7012097
辽宁,2020,2.5729375375638566,326.2935312853068,5.901906052455697,0.35970045280390106,0.7215041128084606,0.23275552459460505,8.979290649090876,0.27213591021573635,25839.0,100.8,25112.61025319899,4255.0,3070.0,9294.3,6014.17,646.1317758666667,7936,6188.884873999999,22741.889775199998
辽宁,2021,2.4407307656071975,357.2345190911801,6.294482588884117,0.37458817744371464,0.7280681012059589,0.20649819114186366,9.257319373170178,0.25937398613433793,28471.0,106.0,26619.36686839093,4229.0,3079.0,10664.9,5879.21,649.7070767666665,10480,5961.774454,22985.244368
辽宁,2022,2.2558875140980406,365.246442665731,6.482009277935557,0.36732381295036604,0.7300452704312604,0.21054112852517007,9.295875660082446,0.2579911517109076,29739.7,102.2,27204.992939495532,4197.0,3064.0,10924.1,6261.43,613.7140389333332,10892,5935.420768000001,23006.295869600002
吉林,2011,3.368269777585468,24.51,2.883559633027523,0.3730608193237207,0.5339449541284403,0.28020158570574083,7.0925737159746784,0.5272624704818977,7857.7,110.5,7857.7,2725.0,1455.0,2931.4,2201.74,264.66853431333334,1202,4081.1645660000004,7740.290262400001
吉林,2012,3.100417398067763,87.23,3.1716216827279466,0.37539207138246916,0.5452186805040771,0.2798229026304168,7.367708572374371,0.5103032128823649,8831.3,108.9,8557.0353,2698.0,1471.0,3315.2,2471.2,265.3038112,1583,3950.965334,7742.38773
吉林,2013,2.551079070027963,138.36,3.4863183549850074,0.3717607143600524,0.5573463268365817,0.28566180296817434,7.311218384419629,0.4716962886192901,9608.6,108.7,9301.4973711,2668.0,1487.0,3572.1,2744.81,237.2885526333333,1496,3651.3897610000004,7740.9762364
吉林,2014,2.3741914149086125,165.62,3.745947465121272,0.37758261387317654,0.5681302043906131,0.2890989381760445,7.268920128193722,0.4569020547984297,10077.0,106.4,9896.7932028504,2642.0,1501.0,3804.9,2913.25,234.9688145733333,1434,3474.3412560000006,7604.1270104000005
吉林,2015,2.084203733342727,208.2,4.018560117958008,0.37762843282921216,0.5763490241102182,0.3165533459937616,7.714677473800927,0.43889395430486255,10162.9,106.1,10500.497588224274,2613.0,1506.0,3837.8,3217.1,218.85176275333333,2240,3215.817732,7327.0950772
吉林,2016,1.9152522502941438,217.0742130048187,4.356458874740495,0.36793511576366295,0.5874561745227892,0.33819870797378226,7.795234929002173,0.4280295753003503,10603.5,106.5,11183.029931458852,2567.0,1508.0,3901.4,3586.09,214.18323241333331,2428,2990.206007,6985.9798938
吉林,2017,1.8234232990890409,254.7649074185769,4.657382220069166,0.36050708291978706,0.5969912905779889,0.3361652982044573,8.025516386489008,0.36330223160054664,11083.0,105.2,11764.547487894713,2526.0,1508.0,3995.5,3725.72,214.5174999266667,3057,2475.759735,6814.6009566
吉林,2018,1.5769664742291527,276.0754942837907,4.949256088909007,0.3542326053123962,0.6086956521739131,0.3313331701260776,7.9617188159813645,0.29520885492846066,11437.4,104.5,12293.952124849975,2484.0,1512.0,4051.5,3789.59,193.87150336666667,2868,1836.5236845000002,6221.0995837
吉林,2019,1.5602716545617106,292.7735940113083,5.177722483954381,0.34830200679532025,0.616421568627451,0.32917301287093914,8.008698182988528,0.3064713192383418,11949.4,103.1,12675.064640720324,2448.0,1509.0,4162.0,3933.42,197.76544078653333,3006,1936.4826354999996,6318.642280499999
吉林,2020,1.4206815028746982,308.2564873808283,5.410281864150735,0.34699787991519665,0.6265110462692789,0.3301868074722989,8.286521373681236,0.27229309038563276,12499.5,102.4,12979.266192097613,2399.0,1503.0,4337.3,4127.17,184.39403399999998,3969,1687.2330694999998,6196.3859131
吉林,2021,1.3796286317505522,339.4132641464888,5.8256411624320235,0.3509541288502058,0.6336842105263157,0.27524476774054246,8.653645314551737,0.25017262556242986,13431.1,106.6,13835.897760776055,2375.0,1505.0,4713.7,3696.84,190.88400696739998,5730,1533.4276125000004,6129.478031629555
吉林,2022,1.3642052911500269,343.6674222751498,5.780671083186247,0.3257960278628805,0.637137989778535,0.30819958236163825,8.777092882855566,0.2419723126569473,13121.4,98.1,13573.015703321309,2348.0,1496.0,4274.9,4044.01,185.16379839333334,6483,1363.85002,5636.3887464
黑龙江,2011,3.784397664350472,33.58,2.663670015864622,0.4880186619019258,0.5647805393971443,0.27735556879094697,7.577633832602728,0.3411798474408093,10074.0,111.0,10074.0,3782.0,2136.0,4916.3,2794.08,381.2402207066666,1953,2600.418741,7621.841561
黑龙江,2012,3.5952253773884184,87.91,2.9377991407089152,0.45652134992391014,0.5687432867883996,0.2839065437292991,7.791109510610028,0.4068563653024125,11171.0,108.6,10940.364,3724.0,2118.0,5099.8,3171.52,393.3307429066666,2418,3549.616078,8724.4943934
黑龙江,2013,3.09060016429197,141.4,3.2080990998363337,0.43294499459099606,0.5804691762138571,0.28036781226595653,7.713784616598755,0.4427067369042353,12017.0,107.5,11760.8913,3666.0,2128.0,5202.7,3369.18,363.48212584,2238,4002.2197515,9040.3407445
黑龙江,2014,2.8290399266844073,167.8,3.4324330761917956,0.39429963340913315,0.5922949002217295,0.2779147210915182,7.805882040228621,0.42282058436308567,12357.1,105.3,12384.218538899999,3608.0,2137.0,4872.4,3434.22,350.3544870733333,2454,3840.2344240000007,9082.420691000001
黑龙江,2015,2.6645645537353824,209.93,3.698771986398583,0.32661022024086767,0.6047038821195806,0.3344084769445738,8.300280189852664,0.4121884161605451,12023.2,105.4,13052.9663400006,3529.0,2134.0,3926.9,4020.66,347.80471430666665,4024,3787.852796,9189.614864199999
黑龙江,2016,2.6837596419490577,221.8857269165423,3.9313438904477693,0.3004421500052928,0.6110308980652613,0.3442207004372644,8.377011160816375,0.42751474026000824,12280.9,104.3,13614.243892620625,3463.0,2116.0,3689.7,4227.34,365.3735831466667,4345,3994.9261545000013,9344.5343009
黑龙江,2017,2.46687829927814,256.7799043241757,4.237678740333222,0.27801255973774636,0.6190055898793763,0.36660847584817724,8.506738733512378,0.41963514602189006,12659.5,105.8,14403.87003839262,3399.0,2104.0,3519.5,4641.08,355.3259442333334,4947,4028.6375495000007,9600.3339751
黑龙江,2018,2.255091263412057,274.7347330579632,4.515550480926811,0.2677631628766366,0.6345055605650737,0.35414631560613974,8.368693183097793,0.36726137861168096,13205.7,104.3,15023.236450043501,3327.0,2111.0,3536.0,4676.75,338.7876926666666,4309,2973.6989505,8096.9552576999995
黑龙江,2019,2.1813123678052606,292.8691970942456,4.804666403838797,0.26270367054610566,0.6460829493087558,0.35892999104744855,8.329658067569396,0.3801051746677135,13962.5,104.1,15639.189144495283,3255.0,2103.0,3668.0,5011.56,341.1395670333334,4144,3387.6642900000006,8912.439282
黑龙江,2020,2.1328047789661233,306.0752890499785,4.981261758416978,0.2467625231248348,0.6559444970040996,0.38924079113720617,8.433594167539924,0.31004379788983605,14000.1,101.0,15795.581035940237,3171.0,2080.0,3454.7,5449.41,336.88890720000006,4598,2744.3525575,8851.4996145
黑龙江,2021,2.1371857454753904,341.1391015743418,5.36797025925393,0.2669426135174723,0.65696,0.3338047970286671,8.754318540250866,0.2876243801515649,15292.8,106.2,16774.90706016853,3125.0,2053.0,4082.3,5104.81,358.5109225066667,6337,2699.8647519999995,9386.772952199999
黑龙江,2022,2.0550041090598365,347.5939965068792,5.564570654357293,0.2781003961073891,0.6621490803484995,0.3332675191940926,9.050171619823361,0.26659026010360665,16359.2,102.8,17244.60445785325,3099.0,2052.0,4549.5,5451.99,354.37733019999996,8519,2418.35297,9071.4228234
上海,2011,0.8360390477030564,80.19,8.661332767402376,0.4003361739871901,0.8930390492359932,0.191848515884956,9.122710622015209,0.20730948322535772,20406.1,108.1,20406.1,2356.0,2104.0,8169.3,3914.88,170.60296411333337,9160,1796.2348165000003,8664.5086783
上海,2012,0.768218628524553,150.77,9.14404230929554,0.3753909317608806,0.8928720300125053,0.19214875843287454,9.339612707680322,0.1865295204284888,21774.9,107.5,21936.5575,2399.0,2142.0,8174.1,4184.02,168.52072117199998,11379,1634.3873330950003,8762.084035495
上海,2013,0.7680034272461994,222.14,9.668932002655229,0.34803480978101087,0.8958333333333334,0.19020260905356706,9.27284557732758,0.16024108654666128,23809.4,107.9,23669.5455425,2448.0,2193.0,8286.5,4528.61,181.78292098000003,10644,1546.5117190000003,9651.1559696
上海,2014,0.6169626299227715,239.53,10.28526664838265,0.33250399584047446,0.892987434130523,0.18962198386258158,9.36005264520451,0.1665626047862082,25964.5,107.2,25373.75282156,2467.0,2203.0,8633.3,4923.44,156.54657271800002,11614,1581.1639816326003,9492.910990807972
上海,2015,0.5953863145042368,278.11,11.045531130622132,0.3022363918681888,0.8852725793327909,0.22254507289300401,9.775767810933758,0.14947419933958386,27821.6,107.0,27149.9155190692,2458.0,2176.0,8408.7,6191.56,161.64688139999996,17601,1450.7867740000006,9705.9344048
上海,2016,0.5441489210014815,282.2235392773836,11.786607021047066,0.2767803797325272,0.8901499797324686,0.22345182615884948,9.907828118634548,0.13295491585718305,30963.9,107.1,29077.559520923114,2467.0,2196.0,8570.2,6918.94,158.2252263866667,20086,1311.9135170000004,9867.3562278
上海,2017,0.5023173060496948,336.6505858794587,12.640366507067956,0.2770904902220296,0.8909164639091647,0.21954605085184548,9.937019035744921,0.11279547348974517,34378.3,107.2,31171.14380642958,2466.0,2197.0,9525.9,7547.62,156.57804983333335,20681,1117.122176,9903.9628226
上海,2018,0.4545786405483954,377.733749406315,13.463415244069989,0.27431948338721335,0.8913131313131313,0.2211209692579384,9.967963571720492,0.12457243731912727,37769.1,106.9,33321.95272907322,2475.0,2206.0,10360.8,8351.54,151.47447972,21331,1164.750354,9349.9844674
上海,2019,0.4502872365263034,410.2814252765977,14.27699949657591,0.25638151943779014,0.8923821039903265,0.2032563641243303,10.031704850336881,0.12284590137711289,40241.2,106.3,35421.23575100483,2481.0,2214.0,10317.1,8179.28,159.4973036066667,22735,1196.2013450000004,9737.413553
上海,2020,0.4279776775614569,431.9275675526586,14.52156771142481,0.2489357968844267,0.8930868167202572,0.19474400236516287,10.094479743833253,0.12436497100836516,41603.9,102.0,36129.66046602493,2488.0,2222.0,10356.7,8102.11,154.62688177333334,24208,1128.1320950000002,9071.1402564
上海,2021,0.41070056943680666,458.9703890885613,15.778602220397389,0.24278677586199568,0.8931297709923665,0.17915358036864049,10.400041823264546,0.12036999274510576,47059.4,108.7,39272.9409265691,2489.0,2223.0,11425.4,8430.86,161.29419202,32860,1123.5935570000001,9334.4988346
上海,2022,0.5500582317692914,460.6908552828697,15.899590629665552,0.23431458292605128,0.8933333333333333,0.19329347971478253,10.513198774854038,0.13207777879532503,48594.5,100.2,39351.48680842224,2475.0,2211.0,11386.4,9393.0,216.45609251333332,36797,1135.8028900000002,8599.5002366
江苏,2011,1.2338781604161844,62.08,6.193381528106693,0.5077772970144598,0.6200922348248785,0.12521196631079,9.309642573050045,0.41107350694508416,49689.5,110.9,49689.5,8023.0,4975.0,25231.2,6221.72,613.10788852,11043,7813.7777735,19008.2251507
江苏,2012,1.1322373372642902,122.03,6.743575000000001,0.49673609179924766,0.6300492610837438,0.128574381979714,9.695417325719395,0.37801459279738253,54658.4,110.2,54757.829000000005,8120.0,5116.0,27150.8,7027.67,619.9885850133334,16242,7450.097011500001,19708.4905013
江苏,2013,1.0628399926938945,180.98,7.332682911743165,0.48176685640242495,0.6439208984375,0.12888925249400052,9.72859830755947,0.32333083819323044,60505.2,109.7,60069.338413000005,8192.0,5275.0,29149.4,7798.47,638.440952,16790,7121.800988999999,22026.3586016
江苏,2014,0.952047679454772,204.16,7.877708189411666,0.4688146910006749,0.6570462504528438,0.12792794017059173,9.886951583896028,0.3052867073687388,66228.3,108.6,65235.301516518004,8281.0,5441.0,31048.8,8472.45,621.0711742733333,19671,7161.223241,23457.369967799998
江苏,2015,0.8959572354707964,244.01,8.512363457056168,0.46429684456564085,0.6749248346361997,0.1347818465134398,10.491718563146513,0.3194563030026815,71876.0,108.5,70780.30214542203,8315.0,5612.0,33371.8,9687.58,634.16123836,36015,7478.183964500001,23409.098190300003
江苏,2016,0.8575633286391552,253.7529734775944,9.087173977863513,0.44775060949742657,0.6892972199021596,0.12754672813603676,10.620180346671088,0.30675298190798245,78261.2,107.6,76159.6051084741,8381.0,5777.0,35041.5,9981.96,653.1168446466667,40952,7411.357425,24160.6695358
江苏,2017,0.7915603952466865,297.6881832498806,9.674792528323316,0.45223429107104257,0.7017689659266295,0.12276816521004384,10.633906432771306,0.29026083217957843,86512.9,107.0,81490.77746606729,8423.0,5911.0,39124.1,10621.03,645.0487202,41518,7171.194262500002,24706.0349433
江苏,2018,0.7431532708094201,334.0213950577423,10.275595311551225,0.4507925094402411,0.7119346436182808,0.12473583910340982,10.645900974398991,0.261783557940262,93456.3,106.5,86787.67800136165,8446.0,6013.0,42129.4,11657.35,644.9654677266666,42019,6697.257354500001,25583.1856179
江苏,2019,0.6919750778800987,361.9268959293209,10.862550322522535,0.4435374095149189,0.7246428149722517,0.12594090962359608,10.588652963354416,0.2715552460583003,99836.9,106.0,91994.93868144335,8469.0,6137.0,44281.4,12573.55,636.5820485866667,39681,7376.929667500002,27165.4839101
江苏,2020,0.6577208285947508,381.6125734960462,11.264686369156328,0.43409080911113107,0.7344579450277221,0.1308405360793982,10.735874800187577,0.25555446586525443,104566.6,103.8,95490.7463513382,8477.0,6226.0,45391.4,13681.55,628.0625281333333,45975,6879.6948758857,26920.65995635208
江苏,2021,0.6423671312217614,412.9212849219292,12.24931267128865,0.44701184448975917,0.7394473838918283,0.12169270407465133,11.139162491592577,0.2356696961639272,119853.2,109.1,104180.40426930996,8505.0,6289.0,53575.8,14585.26,669.2206741999998,68813,6644.282578298291,28193.19872876935
江苏,2022,0.6280450516297211,424.0648274777478,12.565270133245019,0.4442961942516389,0.7442160892542572,0.11962803116786365,11.399185495097322,0.2352292633501791,124564.2,102.7,106993.27518458133,8515.0,6337.0,55343.4,14901.37,671.9659703733334,89248,6694.457859500001,28459.290158699994
浙江,2011,1.232100358234605,77.39,5.8084560143626565,0.5029193493050125,0.6229802513464991,0.11877038058176806,9.119977931895791,0.23261346296829322,32353.1,108.7,32353.1,5570.0,3470.0,16271.0,3842.59,398.622661,9135,2809.9333045000003,12079.839527099999
浙江,2012,1.096805437552047,146.35,6.151926314863676,0.48717069056706264,0.629023746701847,0.11898394728190174,9.356343666096025,0.2186528433920706,34978.5,108.1,34973.7011,5685.0,3576.0,17040.5,4161.88,383.59345537800004,11571,2764.2686046550007,12642.271473681856
浙江,2013,1.0232221394955592,205.77,6.548499013018671,0.4776755305299645,0.6393499308437067,0.12440976979904426,9.318297513481275,0.21453101239036143,38023.3,108.3,37876.518291299995,5784.0,3698.0,18162.8,4730.47,387.56092082666663,11139,2773.1497810000005,12926.5682854
浙江,2014,0.9334802697580843,224.45,6.925808183315806,0.48057755601424507,0.6495755517826826,0.12663354939733606,9.500993027872797,0.2147376967552831,40744.1,107.7,40793.010199730095,5890.0,3826.0,19580.7,5159.57,380.79470165488334,13372,2852.03329955925,13281.47476038849
浙江,2015,0.865937476089425,264.85,7.361144697695656,0.4659784722536294,0.6631578947368421,0.15028673510922164,10.058180942212608,0.2094412841051893,44222.0,108.0,44056.4510157085,5985.0,3969.0,20606.5,6645.98,381.50131998000006,23345,2921.3169275000005,13948.1427455
浙江,2016,0.7991278080410349,268.1048518167274,7.814360629762525,0.44850485905214177,0.6772068511198946,0.14500767218759225,10.187801459080141,0.18348862620486522,48095.8,107.7,47448.797743918054,6072.0,4112.0,21571.2,6974.26,379.17653735279634,26576,2559.62990151475,13949.801437048862
浙江,2017,0.7848332644943445,318.051975966357,8.290081680379847,0.43750094099579945,0.6891410048622366,0.1417199897619657,10.266149538318983,0.14730707673750215,53135.2,107.8,51149.803967943655,6170.0,4252.0,23246.7,7530.32,401.44067626407,28742,2090.71908508185,14192.930383157789
浙江,2018,0.7318357456430259,357.4451772130045,8.749201284489644,0.42669658768843244,0.7001434720229556,0.1454945651532497,10.39056336913101,0.12814555753784473,59311.7,107.3,54883.73965760354,6273.0,4392.0,25308.1,8629.53,401.65882536,32550,1844.020961,14390.0498498
浙江,2019,0.7137374766841107,387.4877673895826,9.211859048413457,0.412230783512811,0.715764705882353,0.15554261047159304,10.433085861625402,0.12652632744391956,64632.0,107.0,58725.601433635784,6375.0,4563.0,26643.3,10053.03,419.14662583999996,33964,1863.2760530000003,14726.3900774
浙江,2020,0.7456948547487057,406.8779471527735,9.424423977754167,0.3966113050793202,0.7217068645640075,0.15010920947822137,10.817555816557183,0.11187987511306545,67164.5,103.8,60957.17428811394,6468.0,4668.0,26638.2,10082.01,454.5545122666667,49888,1869.7861510000002,16712.4440308
浙江,2021,0.792392703586119,434.6093890357063,10.150208379167596,0.40865729698183945,0.726605504587156,0.14348396997080712,10.947238786412973,0.11435307871472788,76765.3,108.9,66382.36279975608,6540.0,4752.0,31370.7,11014.59,526.0089992933333,56796,2024.0048495,17699.6095973
浙江,2022,0.8288170508442262,440.0446679210633,10.43627233312267,0.4069988857248979,0.7337691956819219,0.14879014485576328,11.023323027655763,0.08836288917417885,80770.0,103.4,68639.3631349478,6577.0,4826.0,32873.3,12017.78,568.8947452533333,61286,1740.98989,19702.727086799998
安徽,2011,1.9076569113736208,33.07,2.7683690555927662,0.49532744197862416,0.44792364367046217,0.19978527403267463,7.614312146452,0.6017383451272535,16532.7,113.2,16532.7,5972.0,2675.0,8189.1,3302.99,315.38719418666665,2026,4615.260440000001,7669.879238
安徽,2012,1.937664942164253,96.63,3.0725710438273666,0.4968329778603931,0.46303111408497827,0.21280078651745757,8.028455164114252,0.555690099350241,18613.7,111.1,18367.8297,5978.0,2768.0,9247.9,3961.01,355.9069967333334,3066,4598.013577968067,8274.420550850997
安徽,2013,1.912817437418262,150.83,3.380318692284569,0.48991296521481026,0.478623914495658,0.20823670780632125,8.352790135124629,0.4831192547596682,20888.2,110.2,20241.3483294,5988.0,2866.0,10233.4,4349.69,387.18004041333324,4241,4535.6092530000005,9388.1773668
安徽,2014,1.8177858231903243,180.59,3.685768280090845,0.47999405612590523,0.4930798732699683,0.2038442879806999,8.553525120663627,0.46202898217151006,22880.7,109.2,22103.5523757048,5997.0,2957.0,10982.6,4664.1,401.79524150701,5184,4537.980188526839,9821.85179639292
安徽,2015,1.6365639140458454,211.28,3.993421706873301,0.44892659064644796,0.5097321577108634,0.2170018266391083,9.321971188147367,0.4580147759480283,24142.7,108.6,24004.457880015412,6011.0,3064.0,10838.3,5239.01,392.8482954266666,11180,4637.254167500001,10124.6824579
安徽,2016,1.4583590844091032,228.7783349079038,4.32104114995802,0.4297382206766861,0.5262721697331344,0.20607099682103786,9.635150486348124,0.4409343840112137,26801.2,108.6,26068.84125769674,6033.0,3175.0,11517.5,5522.95,380.1773146818087,15292,4581.057647824001,10389.431656814264
安徽,2017,1.4049388388668513,271.5963212655823,4.665448889440857,0.420718072576953,0.54284299157999,0.20582082025625545,9.42875274891449,0.4016152944656666,30141.8,108.4,28258.623923343268,6057.0,3288.0,12681.2,6203.81,397.01638282836916,12440,4236.387495422451,10548.371921589289
安徽,2018,1.2882221858897926,303.8302993639327,5.01362682510929,0.4099914769339069,0.5564516129032258,0.1911770267007589,9.605553103619997,0.36630493007510334,34377.3,107.8,30462.796589364043,6076.0,3381.0,14094.4,6572.15,392.42850410666665,14846,3896.7875875,10638.0975727
安徽,2019,1.2194331388238784,330.2899769494866,5.370493029707318,0.39632777080096204,0.5702560735390676,0.19668110512760476,9.613068404374461,0.3574084262094196,37584.8,107.4,32717.043536976984,6092.0,3474.0,14895.9,7392.22,398.96247093333324,14958,3890.2468555000005,10884.5974807
安徽,2020,1.1706432891505718,350.164685502378,5.557342202759235,0.39573323530629995,0.5832923832923833,0.19347196910077455,9.972687069337132,0.36826826210839314,38628.8,103.7,33927.57414784513,6105.0,3561.0,15286.7,7473.59,397.17086993333334,21432,4340.858098,11787.217484199999
安徽,2021,1.1306674839519246,384.6236566400171,6.005175074099203,0.39267750586968825,0.5939800425323082,0.17611500876973188,10.070060752361943,0.3486263520434523,43102.8,108.2,36709.63522796843,6113.0,3631.0,16925.5,7591.05,415.06390899999997,23624,4170.15463099865,11961.673598554842
安徽,2022,1.0253241766963743,393.3208246403174,6.189171403703507,0.3887306123435204,0.6015994777215603,0.18406944740373993,10.172789235831422,0.3225786020361732,45525.1,103.3,37921.05319049139,6127.0,3686.0,17697.0,8379.78,388.81372642,26180,3973.0563340000003,12316.5526446
福建,2011,1.1549833662357838,61.76,4.80845665961945,0.5120361413999297,0.5811310782241015,0.1208109831164263,7.57353126274595,0.39432357768142795,18195.2,112.3,18195.2,3784.0,2199.0,9316.6,2198.18,210.15153345333334,1945,2995.1324455,7595.6209951
福建,2012,1.0278619479530928,123.21,5.2818661806821146,0.5132418043177253,0.5930747201249674,0.12712814712249157,7.999007213243955,0.3917458122119855,20510.8,111.5,20287.648,3841.0,2278.0,10527.0,2607.5,208.52901392666666,2977,3146.101855500001,8030.9776325
福建,2013,0.9048007294264282,183.1,5.791248811325612,0.516613643623888,0.607979407979408,0.13429197827732728,7.9868449011613825,0.34155733460605464,22851.7,110.9,22499.001632000003,3885.0,2362.0,11805.5,3068.8,203.57113088000003,2941,2631.7474425,7705.1410579
福建,2014,0.9267630960305959,202.59,6.267782710663626,0.5197556989111467,0.6200253485424588,0.13054790085829115,8.139440521874608,0.2906969583129222,25329.4,109.9,24726.402793568006,3945.0,2446.0,13165.1,3306.7,229.15517606666663,3426,2489.4035325,8563.569247326865
福建,2015,0.8715771410500351,245.21,6.752591927560741,0.5030010070493455,0.6322791164658634,0.14653776435045318,8.653645314551737,0.297328941929607,27307.5,108.8,26902.32623940199,3984.0,2519.0,13735.7,4001.58,234.4745259133333,5730,2600.6139675,8746.588712899998
福建,2016,0.7460126924327571,252.670866105184,7.248086900157608,0.486228112002967,0.6439243027888446,0.1415732867095817,8.877800393882575,0.2920923176433286,30199.2,108.2,29108.316991032953,4016.0,2586.0,14683.7,4275.4,217.15173930666663,7170,2566.1436795,8785.385730799999
福建,2017,0.7415953316171606,299.282344890188,7.726414276340604,0.47310366459302633,0.657810578105781,0.13603981157172645,9.073259831427816,0.2717625629777745,34432.2,107.9,31407.874033324555,4065.0,2674.0,16290.0,4684.15,232.9193275913333,8718,2458.1137210164015,9045.078520316401
福建,2018,0.748543480022604,334.435835390687,8.27288299951848,0.4807523568542627,0.6698343079922028,0.12326781414520668,9.196140022575042,0.26762573715244786,39204.8,108.1,33951.91183002384,4104.0,2749.0,18847.8,4832.69,254.14482234666661,9858,2488.340888,9297.8385206
福建,2019,0.756126572244349,360.5089661342004,8.822408802822245,0.46089959533040953,0.6787527193618564,0.11953949118507691,9.100971834920818,0.2512543646582774,42479.1,107.5,36498.30521727563,4137.0,2808.0,19578.6,5077.93,275.9733841666666,8963,2505.5899385000002,9972.3240307
福建,2020,0.747748360275971,380.1262309929718,9.052211243505996,0.44663019092532397,0.6875751021389089,0.11941074126642554,9.235130540783402,0.23107551820312577,43682.0,103.2,37666.25098422845,4161.0,2861.0,19509.7,5216.1,281.648774112,10250,2302.127695,9962.6637772
福建,2021,0.7710706076326088,410.312544044324,9.742667737262815,0.45228475926665135,0.6969190351086697,0.10492837069024609,9.438431663014326,0.21577731455793298,49602.6,108.3,40792.54981591941,4187.0,2918.0,22434.5,5204.72,314.5393617344444,12561,2329.7042415,10796.7987565
福建,2022,0.6963890680745582,420.7524353823293,10.149435746940789,0.4312892997259096,0.7012893982808023,0.10923730700427643,9.693630345547652,0.2053969134359848,52099.6,104.2,42505.83690818802,4188.0,2937.0,22470.0,5691.22,296.00600152222216,16213,2414.8276995000006,11756.884069500002
江西,2011,1.2353282666803216,29.74,2.6189986589181937,0.5409049789202383,0.4575324094769781,0.21631078566917575,6.522092798170152,0.5625580590179241,11717.4,112.3,11717.4,4474.0,2047.0,6338.0,2534.6,144.74835432,679,2755.310107,4897.8235452
江西,2012,1.1270860915631145,91.93,2.9038204692737426,0.5321860910382311,0.47396648044692735,0.23309400284108456,6.794586580876499,0.5508545064952324,12952.8,110.9,12994.596599999999,4475.0,2121.0,6893.3,3019.22,146.46029093333334,892,2910.8471,5284.2394238
江西,2013,1.13363310230014,146.13,3.1963920591152815,0.5293780314231625,0.49039320822162646,0.2397708900465682,6.828712071641684,0.42993212960259325,14473.4,110.1,14307.050856599999,4476.0,2195.0,7661.9,3470.3,162.18946447333335,923,2880.8855720000006,6700.7915288
江西,2014,1.05429976709299,175.69,3.503311336984419,0.5195099189083526,0.5055803571428571,0.24483245683729962,6.9411900550683745,0.4415305557410851,15858.6,109.7,15694.834789690198,4480.0,2265.0,8238.7,3882.7,165.47060663333332,1033,3103.960055,7030.000561999999
江西,2015,0.9960959147389887,208.35,3.814352267728499,0.49131882262449295,0.5230769230769231,0.2590877864612386,7.402451520818244,0.4477940822853724,17031.1,109.0,17107.369920762318,4485.0,2346.0,8367.7,4412.55,170.4058129,1639,3315.171471,7403.3391734
江西,2016,0.9491952609369171,223.755471260304,4.139861760184475,0.4654553013666503,0.5398131672597865,0.24611432104556208,7.557472901614746,0.4322910625999568,18761.2,108.8,18612.8184737894,4496.0,2427.0,8732.5,4617.4,176.67199088,1914,3239.9325885,7494.794292099999
江西,2017,0.885600884497339,267.1677806704849,4.480940115835798,0.4607661384747483,0.5570826867656838,0.2493691944422762,7.713784616598755,0.41600707133056763,20497.6,108.6,20213.520862535286,4511.0,2513.0,9444.6,5111.47,179.01111954666663,2238,3253.2030045000006,7820.066601500001
江西,2018,0.8362326571451452,296.2276946633527,4.85966544113689,0.43799121515060674,0.5734544648792378,0.24623298532817192,7.83399634170946,0.3838275964686436,23016.9,108.5,21931.670135850785,4513.0,2588.0,10081.2,5667.52,183.3997879333333,2524,3013.7038804999997,7851.712352699999
江西,2019,0.7867433666703193,319.1299771393303,5.2400956768341445,0.420049344766219,0.5907883082373782,0.2583238958097395,7.917536353943631,0.3707210147431178,24724.0,107.9,23664.272076582998,4516.0,2668.0,10385.3,6386.8,186.17709083333335,2744,2979.2403639999998,8036.340659199999
江西,2020,0.7457123022990513,340.6109193880743,5.435608412368478,0.411676101822237,0.6043372427528214,0.25843084715047976,8.391176350832751,0.3596175619543467,25825.4,103.8,24563.51441549315,4519.0,2731.0,10631.7,6674.08,183.17314887333333,4407,2884.055027,8019.7836038
江西,2021,0.7074352625122604,372.173686443655,5.921998494237777,0.42091345992720736,0.6145671906132388,0.2271876319617135,8.816111895794005,0.33523851378449265,29838.2,108.9,26749.66719847204,4517.0,2776.0,12559.3,6778.87,189.2365783666667,6741,2719.576879,8112.3640846
江西,2022,0.5791344507491435,378.8288285344864,6.161639330390093,0.4065148045020131,0.620803886925795,0.2308998641033195,9.066008001086264,0.3308464411545419,31568.1,104.3,27899.90288800634,4528.0,2811.0,12832.9,7289.07,161.57794934999995,8655,2794.387896,8446.177889199998
山东,2011,2.4646833604394867,38.55,4.099534402483187,0.5029049517944576,0.5086394205897569,0.12624476301044874,8.675392806089782,0.47559508961246494,39622.0,110.7,39622.0,9665.0,4916.0,19926.1,5002.07,976.5568410733333,5856,12821.7300865,26959.3407639
山东,2012,2.318078172222149,100.35,4.477269674495262,0.48815513843287606,0.5202925422332098,0.13547355355024632,8.916506080039204,0.4812701249814123,43584.3,109.7,43465.334,9708.0,5051.0,21275.9,5904.52,1007.5604199374523,7453,13723.735658657202,28515.660844701804
山东,2013,1.98627353428783,159.3,4.879035029345373,0.47059496734161366,0.5345782885286271,0.13918153235354708,9.0953783535065,0.465828494811179,48058.1,109.4,47551.07539600001,9746.0,5210.0,22615.9,6688.8,944.49442586,8913,12486.719615500002,26805.4010319
山东,2014,1.9340460966137312,181.88,5.260289233754079,0.4575512048835464,0.547716150081566,0.13922277591668333,9.262837940933936,0.47642875447498123,51552.7,108.5,51592.91680466001,9808.0,5372.0,23588.0,7177.31,997.8307935896967,10538,13329.190312580766,27977.30025189049
山东,2015,1.8918335045863046,220.66,5.637255657350851,0.4418678362010788,0.5697344415163187,0.14690424169903007,9.734003244543665,0.40880869967985894,56159.1,107.8,55617.16431542349,9866.0,5621.0,24814.9,8250.01,1052.1841488199998,16881,11249.3534115,27517.4021989
山东,2016,1.8343336277264872,232.5660105934724,5.995031749632032,0.4282058067822842,0.591296500551489,0.14664704719727448,9.873286043803006,0.3515248303884447,59702.6,107.5,59788.45163908025,9973.0,5897.0,25565.0,8755.21,1096.7196739126373,19404,9587.661274825869,27274.492286167202
山东,2017,1.7142557948921515,272.0590280002899,6.406118360611111,0.4209848245583862,0.6078939499651151,0.1447561391274981,9.856972298794659,0.32759275088704704,63958.6,107.5,64272.585512011276,10033.0,6099.0,26925.6,9258.4,1101.7965216666666,19090,8852.815447,27023.8441572
山东,2018,1.782353501608382,301.1300790400797,6.792726364026199,0.4055690465103943,0.6145678277265059,0.14884033454948398,9.920295504185495,0.2848688316151327,67864.4,106.5,68450.303570292,10077.0,6193.0,27523.7,10100.96,1220.0263825466668,20338,8370.138138000002,29382.4287148
山东,2019,1.7252439815431766,327.3614075497964,7.138988715920026,0.39521244913175135,0.6186423906590145,0.14911300769323688,9.93561586628765,0.27812640618404816,72024.3,105.4,72146.61996308778,10106.0,6252.0,28464.9,10739.76,1244.7052187999998,20652,8816.8708235,31700.948300699998
山东,2020,1.704184019140009,347.8058398863928,7.3530642677578895,0.3901237158046638,0.6304968027545499,0.15107772214444315,10.194140208432742,0.2787401999135585,74355.9,103.6,74743.89828175894,10165.0,6409.0,29008.0,11233.52,1273.7735697999997,26745,9099.286549,32644.328129999998
山东,2021,1.5630297017150043,380.6834394088193,7.974152373226003,0.4017539310214762,0.6394296951819076,0.13806501803437138,10.500839435641206,0.2531030544092416,84838.0,108.5,81097.12963570845,10170.0,6503.0,34084.0,11713.16,1267.5722234444443,36345,8824.994981999998,34867.2006452
山东,2022,1.429084627974626,390.3757911893213,8.298830544242525,0.4025630198593824,0.6453803010921972,0.13548605106826006,10.793372705530512,0.2135496782842926,89519.4,104.0,84341.01482113678,10163.0,6559.0,36037.2,12128.63,1205.3044778866667,48696,8202.786989,38411.610145719176
河南,2011,2.4954043214991493,28.4,2.7705527956875597,0.5163206445853458,0.4047140894197231,0.1620932237660326,7.809135398120538,0.5623805073326705,26212.2,112.0,26212.2,9461.0,3829.0,13533.9,4248.82,654.10037156,2462,9097.439249,16176.661762599999
河南,2012,1.8914630684032074,83.68,3.0276575954678973,0.5030801461294735,0.41984892992026857,0.17336080475093926,8.065579427282092,0.46968443502439755,28878.5,110.1,28859.632199999996,9532.0,4002.0,14528.2,5006.4,545.86928474,3182,7529.8297649259,16031.678300207599
河南,2013,1.8896149746987756,142.08,3.2860126499529922,0.48903906847894146,0.43601796719941505,0.176535827003232,8.062747901086354,0.4204281790090202,31621.4,109.0,31456.999097999997,9573.0,4174.0,15464.1,5582.31,594.4161655466667,3173,6493.268967500001,15444.419027299999
河南,2014,1.6274976859541646,166.65,3.551754486026127,0.47910214034763315,0.45049248315189216,0.17418321237056214,8.158802490694002,0.44051179570446,34611.2,108.9,34256.672017722,9645.0,4345.0,16582.3,6028.69,557.5265443733333,3493,7211.4706830000005,16370.664198600001
河南,2015,1.4476183683734951,205.34,3.824345510276561,0.46581898027620916,0.47015771569941245,0.18477398351006302,8.591372589590488,0.42129036879075304,36798.2,108.3,37099.97579519292,9701.0,4561.0,17141.3,6799.35,537.0660642733334,5384,6878.805657500001,16327.9442567
河南,2016,1.334876133651765,223.1225848913924,4.112944749640942,0.45162157654035456,0.4878298220494989,0.18556551657177284,8.826441041782578,0.38716966306962103,40167.7,108.4,40216.37376198913,9778.0,4770.0,18140.6,7453.74,536.8387751689834,6811,6511.55598035357,16818.35278293139
河南,2017,1.2886164223226604,266.9235218761297,4.402565690090579,0.44935798952597755,0.505646556109472,0.18426025814988842,8.976514972315112,0.35310668429993447,44586.5,107.6,43272.8181679003,9829.0,4970.0,20035.3,8215.52,557.6206413133871,7914,5815.016577176498,16468.15774304949
河南,2018,1.069840696625732,295.756397412612,4.720352022370309,0.42660248441027576,0.522404703974047,0.18335166638487474,9.028818495352793,0.31556770723570765,50273.5,107.6,46561.55234866073,9864.0,5153.0,21446.8,9217.73,498.1344360066667,8339,5077.293823,16089.3960522
河南,2019,0.9330773996362259,322.1206620643292,5.022496506248829,0.4128356714732049,0.5401474598525402,0.18913402295898904,8.852521917335372,0.29732874015414146,53739.3,106.8,49727.73790836966,9901.0,5348.0,22185.5,10163.93,463.99828377333336,6991,4735.1197855,15925.5367747
河南,2020,0.9240498825138599,340.8131206635064,5.05731244596738,0.39542767251470623,0.5542701941454582,0.19151689604620334,9.125218118559348,0.31048573032758237,54160.6,101.1,50274.74302536172,9941.0,5510.0,21416.6,10372.67,464.5637038599999,9183,5124.9968495,16506.3845095
河南,2021,0.8916875483564205,374.3744438889366,5.387124644729137,0.390455118679604,0.5645047050490741,0.1692581681425574,9.513181956185786,0.2867249610068515,57806.9,105.9,53240.95286385806,9883.0,5579.0,22571.0,9784.29,474.74294731333333,13536,4999.835612,17437.741013
河南,2022,0.893929878474167,382.3945349322519,5.522562371615747,0.37618565010525884,0.5706037277147488,0.1810443923723885,9.587063011218692,0.298046213209854,58807.4,102.4,54518.735732590656,9872.0,5633.0,22122.5,10646.75,487.35926808,14574,5542.9458994999995,18597.6055183
湖北,2011,1.591240512252636,39.82,3.511857638888889,0.48279390754536966,0.5178819444444445,0.15892289515184171,8.058643712215618,0.5882469560673508,20228.3,114.0,20228.3,5760.0,2983.0,9766.1,3214.74,321.88090453999996,3160,8348.961196500002,14192.952654300001
湖北,2012,1.3855694092794835,101.42,3.887500657325722,0.4865669037127525,0.5322608545234389,0.16403254657301164,8.30671904320269,0.5855858042178363,22921.0,111.1,22473.6413,5781.0,3077.0,11152.6,3759.79,311.387899004,4050,8799.566928572058,15026.947144536041
湖北,2013,1.0212465461288565,164.76,4.2714647658847875,0.45824065728752844,0.5450155225939979,0.16910493313785938,8.307212626628308,0.4567654964630993,25851.7,110.2,24765.9527126,5798.0,3160.0,11846.3,4371.65,252.9214366933333,4052,5765.662739000001,12622.807072000001
湖北,2014,0.9269043054155328,190.14,4.671294725880708,0.45157068517213483,0.5572558459422283,0.17128956220774214,8.487970332739334,0.4416856075457924,28805.9,109.7,27168.2501257222,5816.0,3241.0,13007.9,4934.15,251.82368012138,4855,5849.614897480802,13243.843126299593
湖北,2015,0.8578632276648179,226.75,5.038897672890357,0.4425568137344431,0.5717948717948718,0.20001695932371436,8.957639268419648,0.43293058343779434,30661.6,108.5,29477.551386408588,5850.0,3345.0,13569.5,6132.84,252.87707375999997,7766,5666.309985999999,13088.2644996
湖北,2016,0.7963189005960152,239.8553930826098,5.419661954136634,0.4302052855399851,0.5857264231096007,0.19021132683400654,9.049936850483158,0.4324715538051141,33767.6,108.2,31894.71060009409,5885.0,3447.0,14527.0,6422.98,253.98360879894997,8517,5649.869483775035,13064.14129221792
湖北,2017,0.7763671321437449,285.2769470562437,5.823593839244822,0.4176540630764242,0.5987466124661247,0.1807682289590211,9.294773427951013,0.4123332482519927,37624.2,107.8,34382.49802690143,5904.0,3535.0,15713.9,6801.26,266.93441389083426,10880,5628.414317106577,13650.158799871595
湖北,2018,0.6974233260000435,319.4768636953569,6.252419786538099,0.41422964962110054,0.6099374683116444,0.17108272147647052,9.34084218004034,0.35239678006227365,42425.5,107.6,36995.567876945934,5917.0,3609.0,17573.9,7258.27,258.01571996,11393,4694.311052,13321.0951904
湖北,2019,0.7113076672512829,344.4025142250852,6.697527304194869,0.40382597624953354,0.6183566728530454,0.17495028206422722,9.559517275737559,0.33047855975359264,45557.0,107.3,39696.24433196299,5927.0,3665.0,18397.1,7970.21,282.36242954405554,14178,4543.018531000001,13746.7874902
湖北,2020,0.6456240834874775,358.6358584525988,6.536579136298867,0.3803001562151306,0.6288946910356832,0.19626571449825186,9.773151050808124,0.3326911058737926,43017.6,94.6,37552.64713803699,5745.0,3613.0,16359.6,8442.88,242.44893391023774,17555,4312.490306000001,12962.4454332
湖北,2021,0.6768194756556354,391.9015022504354,7.272202164467199,0.3841092521355151,0.6408233276157804,0.1583778669003639,10.015788924623273,0.3216333490178185,50093.3,112.9,42396.93861884377,5830.0,3736.0,19241.3,7933.67,286.9507376541,22376,4594.1288215,14283.7452507
湖北,2022,0.6676247409479842,398.8103179856837,7.544971965023533,0.37325008326254455,0.6466461327857632,0.16135850793520118,10.28236909466127,0.34125079131698954,53445.4,104.0,44092.81616359753,5844.0,3779.0,19948.5,8623.87,294.3745496888889,29212,5005.820830000001,14669.0380136
湖南,2011,1.4056838965603555,32.68,2.913903662057438,0.46325691996412255,0.4496277161525604,0.18359858993345987,7.865955413933502,0.499024582014096,19176.4,112.7,19176.4,6581.0,2959.0,8883.6,3520.76,269.55956674000004,2606,5760.340327500001,11543.1995439
湖南,2012,1.2898698346704343,93.71,3.2387455538695,0.46141296011378796,0.4622154779969651,0.19145939564091718,8.117908942383155,0.4973508637760809,21513.7,111.3,21343.333200000005,6590.0,3046.0,9926.7,4119.0,275.30121665999997,3353,5915.6184625000005,11894.2559335
湖南,2013,1.133355856142165,147.71,3.560456038363637,0.4563331284521435,0.4763636363636364,0.196137780509527,8.192570471152173,0.4542451222550126,23916.3,110.1,23499.009853200005,6600.0,3144.0,10913.8,4690.89,266.32740430666666,3613,5037.9156725,11090.7424773
湖南,2014,0.9947727824608531,167.27,3.8922123414391177,0.449468054779525,0.48978974436545153,0.19070891820700825,8.333510708982942,0.45746206643327275,26309.1,109.5,25731.415789254006,6611.0,3238.0,11825.1,5017.38,255.96912081333335,4160,5260.0452159999995,11498.3199744
湖南,2015,0.8973082155192365,206.38,4.220496769666001,0.4396026614187986,0.5079365079365079,0.19883311293675834,8.821289805136113,0.4992058858431394,28811.7,108.5,27918.586131340595,6615.0,3360.0,12665.7,5728.72,250.51576701333332,6776,5761.724639000001,11541.7802602
湖南,2016,0.8813701287305923,217.6911117493732,4.547042178976076,0.4144755804643715,0.5269433962264151,0.20301553242594075,8.849083518532339,0.49133609781530946,31225.0,107.9,30124.154435716504,6625.0,3491.0,12942.0,6339.16,265.50529872907697,6967,6059.128755187756,12331.943006282736
湖南,2017,0.8490275553207192,261.117691792446,4.9003411180669545,0.3943951687339024,0.5462083521785014,0.20128488002414463,8.9758830607617,0.5263777566457746,34127.7,107.9,32503.96263613811,6633.0,3623.0,13459.8,6869.39,275.9675993519634,7909,6693.052093482421,12715.301908143707
湖南,2018,0.6955003354145882,286.8088004631649,5.271177663373717,0.3795895635461229,0.560964581763376,0.20419745941090872,9.01942196795671,0.454973543912527,36629.3,107.6,34974.26379648461,6635.0,3722.0,13904.1,7479.61,243.24612201333332,8261,5480.286028,12045.285053
湖南,2019,0.6432285645715877,310.8504202587501,5.667516241719493,0.37501972166778946,0.5745481927710844,0.20120909475666593,9.045465728785949,0.4365715982117756,39930.7,107.6,37632.307845017436,6640.0,3815.0,14974.8,8034.42,242.06175356666665,8479,5390.649834000001,12347.6878846
湖南,2020,0.5827447045044364,332.0348487480758,5.878455311230715,0.3736128000153501,0.5876598946576373,0.2015443580205163,9.353401214816834,0.431001242264041,41693.7,103.8,39062.3355431281,6645.0,3905.0,15577.3,8403.13,227.6336918333333,11537,5387.341252,12499.595647799999
湖南,2021,0.518728596982652,362.364784941951,6.347187110299884,0.3786924696023553,0.5971005738447599,0.18197058482817108,9.715047314733996,0.3369097930871088,45751.9,107.6,42031.07304440583,6622.0,3954.0,17325.9,8325.5,218.02719549999995,16564,4310.6432620000005,12794.6511216
湖南,2022,0.4937156836250274,371.94909802507,6.631795595437746,0.36531624612420477,0.6031193216232587,0.1874896523826106,9.924465958921319,0.3234177030459427,47957.9,104.2,43796.378112270875,6604.0,3983.0,17519.8,8991.61,216.22958760000003,20423,4178.657069,12920.3102664
广东,2011,0.9282823306597345,69.48,5.0213462253625885,0.4843787030453845,0.6656749721085905,0.12428160919540229,9.811536723788219,0.24144406807509378,54009.6,110.3,54009.6,10756.0,7160.0,26161.1,6712.4,501.36157366,18242,4740.375986,19633.4332162
广东,2012,0.8328361145577041,127.06,5.292852748845213,0.4710167144353194,0.6714971469975546,0.12725052361792427,10.005773346076879,0.23396017790046816,58057.6,108.2,58438.3872,11041.0,7414.0,27346.1,7387.86,486.6959933666667,22153,4682.202023,20012.816134
广东,2013,0.7776715866735451,184.78,5.626055910559006,0.46022965213395167,0.6809228039041704,0.13192214852260054,9.907728546793383,0.2054067711042612,63757.3,108.5,63405.650111999996,11270.0,7674.0,29343.0,8411.0,493.0877252666667,20084,3935.204582499999,19158.105457499998
广东,2014,0.7311074314856437,201.53,5.960318750192356,0.45881362313092916,0.6862216032726957,0.13151591961306675,10.011310035064874,0.21627408284267222,69593.4,108.0,68478.10212095999,11489.0,7884.0,31930.4,9152.64,500.64849354666666,22276,4263.178417,19711.924614199997
广东,2015,0.6739209493941746,240.95,6.327099862006836,0.44728887060015193,0.6950676485699606,0.16918576432852198,10.418643785662566,0.20690944413735216,75820.8,107.9,73887.87218851583,11678.0,8117.0,33913.8,12827.8,497.9458497400001,33477,4223.325878,20411.469836999997
广东,2016,0.6363533518722458,247.9961739439923,6.688875228352373,0.42517372630651046,0.7014612025529056,0.16104374717043504,10.561706792794787,0.18555845408095864,83493.4,107.8,79651.12621922005,11908.0,8353.0,35499.2,13446.09,506.86261150000007,38626,3990.0670325,21503.0193707
广东,2017,0.6227131935325423,296.1679399373422,7.052545975262461,0.41435065717038255,0.707437608104769,0.16168498830167904,10.730750330040017,0.16858848703238666,93004.8,107.5,85624.96068566154,12141.0,8589.0,38536.6,15037.48,533.1979271466668,45740,3684.0524824999993,21852.3372939
广东,2018,0.6099684795567215,331.9175855205789,7.3989174806933,0.40636205422479704,0.7180919987042436,0.1543962801801015,10.882940859367924,0.15135338863986333,101875.9,106.7,91361.83305160087,12348.0,8867.0,41398.5,15729.26,557.27838396,53259,3428.4724265,22652.102191500002
广东,2019,0.5686809132377625,360.6078177591673,7.776253385687544,0.39403773578073664,0.7264793017855713,0.1565868336651033,10.997807308118881,0.1604692731579819,110468.1,106.3,97117.62853385173,12489.0,9073.0,43528.6,17297.85,552.2894168611658,59742,3700.143377,23058.267194599997
广东,2020,0.5783377865755712,379.5347551530972,7.8777290572452605,0.3848106876418645,0.7415240811153359,0.1532931019471651,11.16614427319784,0.15700193396247827,113708.9,102.4,99448.45161866417,12624.0,9361.0,43756.4,17430.79,575.1479738750602,70695,3686.1641795,23478.4635225
广东,2021,0.621727161008187,406.5309358238781,8.491223045018392,0.3917402298526228,0.7462945443077893,0.14302697813249055,11.54103661793126,0.12358608453325337,127577.4,108.3,107702.6731030133,12684.0,9466.0,49977.2,18247.01,669.6167718132929,102850,2977.732031000001,24094.3957586
广东,2022,0.5993497472767513,416.3588510334678,8.688032648982901,0.38734457411742695,0.7478075373311212,0.13982259891012327,11.653391507234959,0.1275738153537949,132547.1,102.1,109964.42923817657,12657.0,9465.0,51341.4,18533.08,659.0715287333333,115080,3030.4597620000004,23754.5593004
广西,2011,1.6551333952721516,33.89,2.2497744360902256,0.4049767490713951,0.4189044038668099,0.24303952180431027,6.453624998892692,0.44315293777677567,10472.7,111.4,10472.7,4655.0,1950.0,4241.2,2545.28,173.33715508666666,634,3046.6845465,6875.0182765
广西,2012,1.672556131488921,89.35,2.456421538133788,0.3916897169597968,0.4348103962505326,0.2596619870222501,6.805722553416985,0.4320535055510257,11496.6,110.1,11530.4427,4694.0,2041.0,4503.1,2985.23,192.8531263666667,902,3220.4852950000004,7453.903865200001
广西,2013,1.4962363504258536,141.46,2.6809315091946733,0.37137832594672177,0.45106742760515744,0.2530377111493147,7.16703787691222,0.4190743127757148,12680.6,110.0,12683.48697,4731.0,2134.0,4709.3,3208.67,189.7749425466667,1295,3120.6779190000007,7446.5979514
广西,2014,1.3334193369349656,166.12,2.8850279585849057,0.3713438264521856,0.46540880503144655,0.2511268916841672,7.56734567601324,0.3958969155260171,13856.7,108.5,13761.58336245,4770.0,2220.0,5145.6,3479.79,183.49961362333332,1933,3152.9851240000003,7964.1568306
广西,2015,1.1655233796993656,207.23,3.0892766641958014,0.3586778619046985,0.4799418000415714,0.27048941464518106,8.29853954537488,0.3757583992067449,15030.2,108.0,14862.510031446,4811.0,2309.0,5391.0,4065.51,173.22602922666667,4017,2967.1027725,7896.3045903
广西,2016,1.1474560483944931,223.3246591958281,3.27421983398131,0.34238481592476183,0.49248507309038503,0.27055161659722726,8.548691858475609,0.3866174415478582,16417.2,107.0,15902.885733647221,4857.0,2392.0,5621.0,4441.7,182.47862422,5159,3193.0668295000005,8258.9828765
广西,2017,1.1381728672630111,261.9380256670158,3.4709579418659406,0.33966367303574097,0.5058080293458325,0.27161528799172185,8.423761246623686,0.36541654014152414,18071.7,107.1,17031.99062073617,4907.0,2482.0,6138.3,4908.55,193.853496,4553,3192.144298500001,8735.631663700002
广西,2018,1.1510006404355464,289.2483019562251,3.677009497260204,0.33545512412476125,0.5182939155043461,0.26617982427562564,8.373553741214627,0.33869885944641853,19951.7,106.8,18190.16598294623,4947.0,2564.0,6692.9,5310.74,209.36892695999998,4330,2837.1177535,8376.519950900001
广西,2019,1.1751724759558286,309.9130207128347,3.8702480814779214,0.3219220767050114,0.5297069450020072,0.2741587985849167,8.135639903354386,0.3199451063436212,21341.5,106.0,19281.575941923005,4982.0,2639.0,6870.3,5850.96,226.5917734,3413,2801.006418,8754.6468518
广西,2020,1.1114949101837341,325.1706763931218,3.9838601816645056,0.3176349508105363,0.541940625622634,0.2777202514977057,8.166784289056151,0.3579479562306766,22250.7,103.7,19994.994251774155,5019.0,2720.0,7067.6,6179.47,222.24334339999996,3521,3459.9927955000003,9666.189554300001
广西,2021,1.1089650860020306,355.1140248743083,4.283223902653229,0.33673626612409374,0.5507246376811594,0.22940323568338503,8.428143374582726,0.35443948247038354,25311.5,107.9,21574.598797664315,5037.0,2774.0,8523.3,5806.54,239.25476811111113,4573,3573.4282315000005,10081.913579700002
广西,2022,1.033412900734667,362.0237316476128,4.394429872002955,0.3356321229991256,0.5565682583713097,0.2230653641033017,8.607582191143917,0.3391139209289195,26419.7,102.8,22178.687563998912,5047.0,2809.0,8867.3,5893.32,229.19741850000003,5472,3590.8510555000007,10588.9225829
海南,2011,2.097751066756432,45.56,2.837191011235955,0.26585085739178643,0.503370786516854,0.308423428775098,5.60947179518496,0.10234794536583093,2525.1,112.2,2525.1,890.0,448.0,671.3,778.8,52.97031218666667,272,148.63668599999997,1452.2683916
海南,2012,1.9634425746371749,102.94,3.0356696703296704,0.2609302975275877,0.5098901098901099,0.31836499511104904,5.983936280687191,0.11588493392452373,2863.6,109.4,2762.4594,910.0,464.0,747.2,911.67,54.23930396666666,396,170.93055900000002,1475.0024288
海南,2013,1.7148293113930642,158.26,3.293932567173913,0.23451700552796775,0.5228260869565218,0.315803116899341,6.1092475827643655,0.1019224707289147,3201.9,109.7,3030.4179618,920.0,481.0,750.9,1011.17,51.966495466666665,449,150.891873,1480.4573704
海南,2014,1.7849910612458808,179.62,3.5225371179897436,0.2333954591663843,0.5331196581196581,0.3105557438156557,5.942799375126701,0.09561283102863449,3541.2,108.8,3297.0947424384,936.0,499.0,826.5,1099.74,58.85284643333333,380,145.92748799999998,1526.2333144
海南,2015,1.842182587404817,230.33,3.7541523204907072,0.2334047109207709,0.5492063492063493,0.3276574933248738,6.035481432524756,0.0857995772786299,3782.7,107.6,3547.6739428637184,945.0,519.0,882.9,1239.43,65.35463163333334,417,134.75269500000002,1570.5519686
海南,2016,1.6293635227615604,231.5591936314589,3.9925233400880087,0.21777884847024814,0.567398119122257,0.331602023608769,5.950642552587727,0.09738358141810186,4151.0,107.7,3820.8448364642245,957.0,543.0,904.0,1376.48,62.255452026666674,383,156.353127,1605.5388878
海南,2017,1.487397331894939,275.6396368225138,4.202143138045531,0.21884952447890357,0.5802469135802469,0.3171539019086736,5.924255797414532,0.10186142418093959,4552.9,106.9,4084.483130180256,972.0,564.0,996.4,1443.97,60.75249310000001,373,166.158465,1631.2207132
海南,2018,1.4743373262117405,309.7181098592779,4.408912543779095,0.21044322768874144,0.5916496945010183,0.3379761000759362,6.194405391104672,0.1037844064069935,5004.2,106.0,4329.552117991071,982.0,581.0,1053.1,1691.3,63.832202933333335,489,177.65412300000003,1711.7612284
海南,2019,1.441586387249941,328.7521355233544,4.608035872314116,0.20131934363572881,0.5939698492462312,0.3415225740063578,6.274762021241939,0.09575145063518027,5442.1,105.9,4584.995692952545,995.0,591.0,1095.6,1858.6,66.0966737656,530,174.81120900000005,1825.6768731999998
海南,2020,1.3525782113645182,344.0490659178224,4.693730768674739,0.19050489292298964,0.6027667984189723,0.34967735073039286,6.582025138892826,0.09133162043709618,5640.8,103.6,4750.0555378988365,1012.0,610.0,1074.6,1972.46,64.24821623333332,721,157.765998,1727.3973377999998
海南,2021,1.2926884401477976,375.3539027256966,5.187805754136573,0.189448293874541,0.6098039215686275,0.30287298929158535,6.86171134048073,0.08959754271680312,6508.9,111.4,5291.561869219304,1020.0,622.0,1233.1,1971.37,68.40340858666666,954,167.76821100000004,1872.4644216
海南,2022,1.1481804072556314,382.2824214574306,5.173055615088784,0.18536627705126724,0.6144109055501461,0.3034038305751649,7.3796321526095525,0.08006595085412523,6912.8,100.4,5312.728116696181,1027.0,631.0,1281.4,2097.37,60.99970332666665,1602,150.17500200000006,1875.6412732
重庆,2011,1.4611872922180962,41.89,3.503430706521739,0.44320881123898354,0.5499320652173914,0.2491967306890567,7.531552381407289,0.5412377499116805,10314.1,116.3,10314.1,2944.0,1619.0,4571.3,2570.24,150.70831850666667,1865,3456.0020285000005,6385.3676671
重庆,2012,1.2758583734539235,100.02,3.934959159663866,0.44992286697519884,0.5663865546218487,0.2582142433335029,7.794411205726601,0.5077649668083667,11797.8,113.5,11706.5035,2975.0,1685.0,5308.1,3046.36,149.35840514342664,2426,3403.8600012740003,6703.6133325019955
重庆,2013,1.0214203538624624,159.86,4.366125350547991,0.4510914596483828,0.582862836267021,0.23066632519320873,7.766840537085513,0.42149161909988964,13275.8,112.3,13146.4034305,3011.0,1755.0,5988.6,3062.28,134.28004044,2360,2299.3308305,5455.2231321
重庆,2014,0.9541994709346331,184.71,4.791114493731351,0.454314397419476,0.5974367400591521,0.2215971351354976,7.7501841622578365,0.42233645026855926,14911.7,110.9,14579.3614044245,3043.0,1818.0,6774.6,3304.39,139.1161893866667,2321,2700.629749,6394.4983846
重庆,2015,0.8608866605034763,221.84,5.266616220686244,0.442048583641504,0.614657980456026,0.23255386087244495,8.285261134068948,0.4045807977264107,16305.9,110.9,16168.511797506771,3070.0,1887.0,7208.0,3792.0,139.19256126666664,3964,2715.159954,6711.0450354
重庆,2016,0.795814565815167,233.8881269932102,5.744760622586811,0.4250099884517079,0.6334405144694534,0.21902403248846541,8.52615293278771,0.3559356186161569,18271.1,110.5,17866.205536244983,3110.0,1970.0,7765.4,4001.81,142.18186601591333,5044,2341.9870512769,6579.8052478769
重庆,2017,0.6555217687765925,276.3056599169835,6.199755165408167,0.4173082997709864,0.6501272264631043,0.2140231382768696,8.722417141427496,0.3492960583356616,20260.8,109.1,19492.030240043277,3144.0,2044.0,8455.0,4336.28,127.77450139999999,6138,2368.8467125,6781.7733867
重庆,2018,0.5997649211439583,301.5320313859045,6.526101809739434,0.4043664367900196,0.6661397407524502,0.2076641300967677,8.790421306897867,0.34219958248188836,21866.8,105.9,20642.06002420583,3163.0,2107.0,8842.2,4540.95,123.80383502666666,6570,2157.7249165000003,6305.4574784999995
重庆,2019,0.5727059422976585,325.4710297328823,6.882844982977039,0.38243786302850197,0.6822459222082811,0.20463325678778876,8.85209276347713,0.286829850969417,23689.6,106.3,21942.5098057308,3188.0,2175.0,9059.8,4847.68,125.66605754666666,6988,1750.9379970000005,6104.448303
重庆,2020,0.38524213088480097,344.7642653000158,7.1044773101135235,0.3834152817581614,0.69460891243378,0.19452780615388285,8.940891067785461,0.30038719263569663,25158.1,103.9,22798.267688154298,3209.0,2229.0,9646.0,4893.95,87.82853224666667,7637,1893.0946970000002,6302.1817954
重庆,2021,0.4950035538682152,373.2232936568921,7.694060452664775,0.38015484559935925,0.7033001245330013,0.17211212957194982,9.149953221961088,0.2511975976639595,28092.5,108.4,24713.32217395926,3212.0,2259.0,10679.5,4835.06,122.33182304,9413,1677.4916265,6677.976390299999
重庆,2022,0.493513660444096,382.225786648983,7.883957431779719,0.36415517972459144,0.7096171802054155,0.1700543587818628,9.409846753524238,0.2418031040091969,28771.8,102.5,25331.15522830824,3213.0,2280.0,10477.4,4892.77,125.01271139999999,12207,1572.593776,6503.6128566
四川,2011,1.315508127395827,40.16,2.6429935515873013,0.4698706429379114,0.4185267857142857,0.21934490993801936,8.092851027538384,0.37729869684881007,21313.1,114.8,21313.1,8064.0,3375.0,10014.4,4674.92,280.3755627,3270,5429.0095545,14389.1553293
四川,2012,1.218024927534458,100.13,2.9419195547309824,0.46361801287105414,0.43351886209029067,0.2250159959380637,8.403128235128264,0.4274681783777752,24224.9,111.6,23785.419599999994,8085.0,3505.0,11231.1,5450.99,289.7123398466667,4460,6452.207111,15094.0056766
四川,2013,1.0606513305089875,153.04,3.226533673695893,0.4623842075477318,0.44962387470711557,0.23161878592916926,8.426611813185,0.4149280101547124,26858.4,110.0,26163.961559999996,8109.0,3646.0,12418.9,6220.91,277.5084064,4566,6174.9646525,14882.0144733
四川,2014,1.0501925247816757,173.82,3.4910999206487277,0.4456339947202589,0.46504484580415284,0.23151187941752532,8.645234541297121,0.39123871889821493,29357.5,108.6,28414.062254159995,8139.0,3785.0,13082.7,6796.61,298.40235778,5682,5995.4829500000005,15324.3599378
四川,2015,0.8271174718637657,215.48,3.7406995085698678,0.42792361762101394,0.4826744753538311,0.2431958766230607,9.116688815894728,0.3852301309637692,30829.1,107.9,30658.773172238638,8196.0,3956.0,13192.5,7497.51,253.58406956666664,9105,5767.276863,14970.99110230921
四川,2016,0.7582520398783426,225.4146284967609,3.9981626388715035,0.39700170015820924,0.5000605987153073,0.2363954874967532,9.24483841238375,0.334713308019094,33879.2,107.6,32988.839933328774,8251.0,4126.0,13450.1,8008.89,250.1385517266667,10350,5091.874747,15212.6450458
四川,2017,0.6454877315506223,267.796800927946,4.294240353246683,0.378252776039733,0.5177946676318012,0.22573765937726362,9.338557669776936,0.3147361546797706,38517.1,107.9,35594.95828806175,8289.0,4292.0,14569.2,8694.76,229.76108880000004,11367,4895.5920815,15554.5907539
四川,2018,0.6653520670520413,294.3042748413172,4.61138865935952,0.3687934954868049,0.535031847133758,0.22296102345024002,9.36717316600297,0.28451706526722736,43539.0,107.8,38371.365034530565,8321.0,4452.0,16056.9,9707.5,255.30467041333333,11697,4076.5340250000004,14327.9069084
四川,2019,0.6710783266608328,317.1103835714752,4.9348396655593145,0.3647066056656335,0.5535863968387019,0.2193868378539961,9.39715183404299,0.2677495030790404,47168.6,107.4,41210.84604708583,8351.0,4623.0,17202.7,10348.17,276.55705605555556,12053,3976.5750375000002,14851.8484321
四川,2020,0.6234307533120365,334.8228849568659,5.110125217641272,0.35584516969325575,0.5673157328873492,0.22648432301684093,9.560151815893512,0.25073322312669305,49445.1,103.8,42776.85819687509,8371.0,4749.0,17594.8,11198.54,266.6840893,14187,3663.915672,14612.804902
四川,2021,0.5803942969003328,363.6076766657632,5.533604566079278,0.36306961744054644,0.5782369804108934,0.20343597919874917,9.869827351043494,0.23223906892067467,55131.3,108.3,46327.337427215716,8372.0,4841.0,20016.5,11215.69,268.88122433333336,19337,3528.963258,15195.39014
四川,2022,0.5465629411626495,371.6112502453594,5.692719156031165,0.35261606612809715,0.5834726534511584,0.2068179845650189,10.144824594042303,0.2040468048714282,57609.4,102.9,47670.830212604975,8374.0,4886.0,20314.0,11914.66,260.55109168666667,25458,3062.4405635,15008.520057099999
贵州,2011,4.721744328735027,18.47,1.6120396600566573,0.3969598453562956,0.35042492917847023,0.3952903962744926,6.391917113392602,0.6418749702307959,5690.5,115.3,5690.5,3530.0,1237.0,2258.9,2249.4,268.6908610266667,596,3887.1411815,6055.9164351
贵州,2012,4.4705397697544,75.87,1.7910717870086426,0.3978852096483648,0.3629774184555339,0.4035793266062301,6.455198563340122,0.6631905343496755,6828.1,112.9,6424.574500000001,3587.0,1302.0,2716.8,2755.68,287.21315805999996,635,4650.8920545,7012.90475905339
贵州,2013,4.351700393480794,121.22,1.988221844162996,0.39245535217020017,0.3788546255506608,0.3815220485402047,6.655440350367647,0.6168327340432923,8079.9,112.4,7221.221738000001,3632.0,1376.0,3171.0,3082.66,314.2459347866667,776,4195.5960655,6801.8375711
贵州,2014,3.994593833994224,154.62,2.1759895800119664,0.38530787846195214,0.4025020397062823,0.38104866899704226,6.954638864880987,0.6216628996997873,9297.5,110.8,8001.113685704,3677.0,1480.0,3582.4,3542.8,319.61199394,1047,4369.7631895,7029.1522811
贵州,2015,3.7016816631249725,193.29,2.386524200752056,0.36985974226378004,0.42961165048543687,0.3618502631554776,7.31455283232408,0.59983538300511,10887.1,110.6,8849.231736388623,3708.0,1593.0,4026.7,3939.5,327.5703885133333,1501,4302.369293,7172.5833702
贵州,2016,3.5657353947561767,209.4548956657985,2.5996678650806393,0.36828225055423236,0.4555614688664183,0.3512770007994132,7.619233416226805,0.5753971229478383,12133.9,110.4,9769.551836973042,3758.0,1712.0,4468.7,4262.36,348.35636776,2036,4225.448742099999,7343.5347059999995
贵州,2017,3.164094870396211,251.4571182825003,2.828366177361903,0.35336560676178086,0.4775177491454115,0.327889502605333,7.53689712956617,0.5462768377871844,14067.3,110.1,10756.276572507317,3803.0,1816.0,4970.9,4612.52,340.33879527633337,1875,4060.100007620001,7432.312202850001
贵州,2018,2.4881321031013925,276.9097063682835,3.0647789606123674,0.34659398486775017,0.49529042386185246,0.3165988946659449,7.641084249174914,0.46384858223096376,15886.6,108.9,11713.585187460469,3822.0,1893.0,5506.2,5029.68,291.44947347333334,2081,3363.4155515,7251.1066765
贵州,2019,2.277889347910143,293.5114212343498,3.299772958213916,0.33831832040714593,0.5148128898128899,0.34481851169153366,7.550135342488429,0.44898204047534845,17251.8,108.4,12697.52634320715,3848.0,1981.0,5836.6,5948.74,289.23560001999994,1900,3330.9635415000002,7418.9237903
贵州,2020,2.0917899776825055,307.9366935776525,3.4426160069970653,0.32122589208173347,0.5316226023846553,0.31349169502356855,7.727094484779841,0.4324125536313239,18308.3,104.6,13281.612554994677,3858.0,2051.0,5881.1,5739.5,277.8234403,2268,3226.5829240000003,7461.816029400001
贵州,2021,2.0539449494594555,340.7975070732278,3.7341605392157935,0.31884465371235815,0.5433541017653167,0.2806046794134921,7.946263643580541,0.3612046429463774,19921.3,108.3,14383.986397059236,3852.0,2093.0,6351.8,5590.01,295.4391621333333,2824,2815.706344002577,7795.321569054645
贵州,2022,1.8731139901285347,344.6822565194504,3.77505037184231,0.30907942369834057,0.5482365145228216,0.28432955125245996,8.201385955238608,0.3272712741802969,20579.5,101.2,14556.594233823947,3856.0,2114.0,6360.7,5851.36,272.66160307999996,3645,2463.576982,7527.629756599999
云南,2011,1.9429212927520632,24.91,2.0922510822510825,0.39430179387970454,0.3658008658008658,0.303076700254495,6.914730892718563,0.5297945610857874,9666.2,113.6,9666.2,4620.0,1690.0,3811.4,2929.6,187.80665799999994,1006,3763.0499680000003,7102.8474891999995
云南,2012,1.8071341304046658,84.43,2.3356678471172536,0.3957288550810825,0.3847980997624703,0.31711032015834834,7.171656822768514,0.5177734342504363,11266.3,111.9,10816.4778,4631.0,1782.0,4458.4,3572.66,195.46826203144374,1301,4034.354575084939,7791.737289351939
云南,2013,1.6146561244080566,137.9,2.61264201978022,0.3838566055116297,0.3999138116785176,0.31446303830505873,7.180069874302796,0.5359694754285528,13027.0,112.1,12125.2716138,4641.0,1856.0,5000.5,4096.51,195.78144071333327,1312,4088.445523,7628.1312843999995
云南,2014,1.4325508266603542,164.05,2.816982294115151,0.3766348396858866,0.412207178164625,0.31088959096608776,7.261225091971921,0.509168315653587,14275.1,108.1,13107.4186145178,4653.0,1918.0,5376.5,4437.98,187.77043371610787,1423,3991.342289884123,7838.944740229349
云南,2015,1.2550447977354953,203.76,3.052682096368503,0.3575651426562317,0.4293373364786618,0.30685283814931047,7.640123172695364,0.48281651292330796,15358.6,108.6,14234.656615366328,4663.0,2002.0,5491.7,4712.83,178.65131732666663,2079,3695.6892700000003,7654.4384276
云南,2016,1.1948318246982699,217.3378524034132,3.302245547930825,0.3426455859207326,0.44644002565747276,0.29921185672723805,7.661997558901893,0.4852093341417957,16773.6,108.5,15444.602427672467,4677.0,2088.0,5747.4,5018.86,184.53702500395224,2125,3831.2436413140017,7896.063351894162
云南,2017,1.174205200129322,256.2732841998509,3.5970488927010456,0.3349024098046076,0.46281696143191986,0.30284077054376984,7.723120092266331,0.4675746524202742,18864.6,109.3,16880.950453446007,4693.0,2172.0,6317.8,5712.97,198.21699805561735,2259,3836.213346010349,8204.493819656871
云南,2018,1.119818176674691,285.7906228348972,3.901678320836872,0.3391669583479174,0.47437805655964277,0.28351557577878894,7.739794458408701,0.45050047023400064,21427.5,108.7,18349.59314289581,4703.0,2231.0,7267.5,6075.03,205.48207936,2297,4006.0445825000006,8892.4315227
云南,2019,0.8660816390190291,303.4609477624845,4.2156574827654145,0.3410620824111689,0.4866355536699194,0.28324247660247426,7.684783943522785,0.43490162298311374,23902.1,108.3,19872.609373756164,4714.0,2294.0,8152.1,6770.09,172.1130209800766,2174,4082.301951000001,9386.7250322
云南,2020,0.9944020717064499,318.4776667943248,4.381064455332521,0.3342441848936128,0.5004235493434985,0.2765876777251185,7.807510042216193,0.42039478777640527,25214.5,104.1,20687.386358080166,4722.0,2363.0,8427.8,6974.02,205.71579852666665,2458,4173.5338755,9927.6537123
云南,2021,0.9181368125671391,346.9307969727468,4.737367366434563,0.3418210236132969,0.5104477611940299,0.2378307456811721,8.200837258379849,0.4018868111798504,27895.3,107.4,22218.252948578098,4690.0,2394.0,9535.2,6634.36,203.99395943017936,3643,3921.2975068597,9757.2186938597
云南,2022,0.8547177814691259,354.7062737065577,4.937915581795644,0.34079949216923594,0.5171532069038994,0.22865319049455482,8.316789127071518,0.3673527034789609,29301.1,104.3,23173.637825366957,4693.0,2427.0,9985.8,6699.79,198.06920310666663,4091,3604.5204624999997,9812.1517233
西藏,2011,,16.22,2.009061488673139,0.31507731958762886,0.22653721682847897,1.2211823453608248,3.332204510175204,,620.8,112.6,620.8,309.0,70.0,195.6,758.11,,27,,
西藏,2012,,68.53,2.2033473015873013,0.313548744972958,0.22857142857142856,1.2554985438912771,4.060443010546419,,721.1,111.8,694.0543999999999,315.0,72.0,226.1,905.34,,57,,
西藏,2013,,115.1,2.452179583596214,0.3222658574318696,0.23974763406940064,1.2070808044745924,3.8066624897703196,,840.3,112.0,777.3409279999998,317.0,76.0,270.8,1014.31,,44,,
西藏,2014,,143.91,2.65252642816,0.32498952660242986,0.26153846153846155,1.2416317553414329,3.9318256327243257,,954.8,110.9,862.0710891519999,325.0,85.0,310.3,1185.51,,50,,
西藏,2015,,186.38,2.894468990243684,0.32136141406543817,0.2878787878787879,1.2988529522376835,3.713572066704308,,1063.6,110.8,955.1747667804158,330.0,95.0,341.8,1381.46,,40,,
西藏,2016,,204.7331628271734,3.0986993169376427,0.32603975279772834,0.31470588235294117,1.326190078503424,3.5263605246161616,,1197.4,110.3,1053.5577677587985,340.0,107.0,390.4,1587.98,,33,,
西藏,2017,,245.5695553969275,3.326706762378785,0.3400434467776973,0.332378223495702,1.2179145546705286,3.7612001156935624,,1381.0,110.2,1161.020660070196,349.0,116.0,469.6,1681.94,,42,,
西藏,2018,,274.3344030488766,3.5683346840575516,0.3679823176507736,0.3389830508474576,1.2445089990527314,4.30406509320417,,1583.5,108.8,1263.1904781563733,354.0,120.0,582.7,1970.68,,73,,
西藏,2019,,293.7912107780944,3.7895714344691194,0.3649660058275724,0.3462603878116344,1.2499285836713707,4.382026634673881,,1750.3,108.3,1368.035287843352,361.0,125.0,638.8,2187.75,,79,,
西藏,2020,,310.5287496433696,4.040563240870666,0.3618706874520828,0.35792349726775957,1.130038333759264,4.574710978503383,,1956.5,108.1,1478.8461461586637,366.0,131.0,708.0,2210.92,,96,,
西藏,2021,,342.0998299351683,4.323402667731613,0.348888163721971,0.366120218579235,0.9449489534287446,5.220355825078324,,2145.1,107.0,1582.3653763897703,366.0,134.0,748.4,2027.01,,184,,
西藏,2022,,334.68637636536,4.408017834228646,0.3445468372550774,0.37362637362637363,1.1599624228326026,5.0106352940962555,,2235.4,101.4,1604.5184916592273,364.0,136.0,770.2,2592.98,,149,,
陕西,2011,2.7964012518837773,40.96,3.2722709163346613,0.5263187798800334,0.4735723771580345,0.23788849116484442,8.0519780789023,0.4827670803953733,12320.1,113.1,12320.1,3765.0,1783.0,6484.3,2930.81,344.5194306333333,3139,3483.6428100000003,7215.9907986
陕西,2012,2.930817097863468,98.24,3.6501590176921046,0.5319009188414912,0.49722735674676527,0.23224679453586278,8.2987883944492,0.4869148428977613,14311.5,112.2,13823.1522,3787.0,1883.0,7612.3,3323.8,405.1313081412901,4018,3833.2309242713,7872.48731515086
陕西,2013,3.161043971839866,148.37,4.015400415615142,0.5226526266119469,0.5157728706624606,0.2275550560960618,8.327000740241713,0.46894477323951306,16106.3,110.5,15274.583181,3804.0,1962.0,8418.0,3665.07,482.8362908666666,4133,3700.403385,7890.9150846
陕西,2014,2.9988767297154193,178.73,4.37442988408048,0.5128830320488104,0.5301802978834597,0.2246875637914219,8.494129251817686,0.469122710466986,17635.6,109.6,16740.943166375997,3827.0,2029.0,9045.0,3962.5,502.0402489513335,4885,3922.145316004099,8360.5957002163
陕西,2015,2.9360155437276707,216.12,4.687986424905603,0.4763831694001089,0.547321892875715,0.2405975269816311,8.826587830773668,0.48084593285422383,18188.3,107.7,18029.99579018695,3846.0,2105.0,8664.6,4376.06,529.3634789333335,6812,4022.0724940000014,8364.5763002
陕西,2016,3.044291412930993,229.3667337313894,5.003160938164938,0.46017484215638665,0.5640165203923593,0.22678691370526904,8.92319149068606,0.4463876876981508,19354.6,107.5,19382.24547445097,3874.0,2185.0,8906.5,4389.37,590.0520346119168,7503,3708.6068139947074,8308.040109973828
陕西,2017,3.055543630302705,266.845754540902,5.34699753483189,0.4644587414642659,0.5806864754098361,0.22194929303226932,9.079662048334066,0.42109526621300786,21776.1,107.7,20874.678375983698,3904.0,2267.0,10114.1,4833.19,637.834905463546,8774,3470.8763725140357,8242.496772115977
陕西,2018,2.551738232978342,295.9475079271147,5.7457140683832,0.4604964935043605,0.5965403205291274,0.21771642550955048,9.092119740588751,0.39330713445229715,24354.8,108.2,22586.40200281436,3931.0,2345.0,11215.3,5302.44,576.34585536,8884,3318.5522850000016,8437.559338000001
陕西,2019,2.552120950872221,322.8910973930364,6.076108652379826,0.4421293558908238,0.6128296146044625,0.21814339392321044,9.194617411510947,0.3803291133744913,26214.5,106.1,23964.172524986036,3944.0,2417.0,11590.2,5718.52,611.5946677133331,9843,3437.9064074999997,9039.2933031
陕西,2020,2.534749711309835,342.0421727683304,6.1864526290798345,0.40769289272540593,0.6265486725663717,0.22551317640795526,9.402859753746583,0.40367437545015866,26297.0,102.1,24467.420148010744,3955.0,2478.0,10721.1,5930.32,620.1878615666668,12122,3675.708073999999,9105.626459199999
陕西,2021,2.190493526992356,374.15713613754,6.60261438996648,0.4253525655749001,0.6363176530096105,0.19914360525780436,9.649691476083484,0.3893688060673352,30476.6,106.7,26106.737297927462,3954.0,2516.0,12963.3,6069.22,571.8663906200002,15516,3933.3802920000003,10101.9399364
陕西,2022,2.204619714155832,381.292994695606,6.896243800893377,0.4317978181113708,0.6400404448938322,0.2046573998958699,9.85029772402201,0.3817722188979065,33035.6,104.5,27281.540476334198,3956.0,2532.0,14264.7,6760.98,601.4542196666666,18963,4310.296072,11290.2297722
甘肃,2011,3.4768405085336114,18.84,1.9124999999999999,0.468908148421333,0.37264890282131663,0.36700473292765384,6.315358001522335,0.4639025404757191,4880.7,113.2,4880.7,2552.0,951.0,2288.6,1791.24,169.69415469999996,552,2010.623156,4334.1499142
甘肃,2012,3.192840898394742,76.29,2.1341099999999997,0.45588853741931945,0.38784313725490194,0.37658115594887637,6.558197802812269,0.44153638222497316,5469.1,111.5,5441.9805,2550.0,989.0,2493.3,2059.56,173.75377908666667,704,2259.5588735,5117.4919315
甘肃,2013,3.001410505779008,128.39,2.3831455796216,0.43776500826743936,0.40480882932597556,0.378111749586628,6.666956792429207,0.36865497476807046,6108.3,111.1,6046.040335499999,2537.0,1027.0,2674.0,2309.62,181.46648981333334,785,2006.7945519999996,5443.5574977999995
甘肃,2014,2.743478738936389,159.76,2.5990090418901612,0.42587564485473806,0.42275780323982615,0.38336651884031736,6.70073110954781,0.37354860045557026,6629.4,108.8,6578.091885023999,2531.0,1070.0,2823.3,2541.49,180.46855229333335,812,2130.985093,5704.7064033999995
甘肃,2015,2.4854570552631956,199.78,2.8158300577986197,0.3687991285659611,0.4423305588585018,0.43546824859422384,7.122059881629142,0.3784516458867017,6793.4,108.0,7104.339235825918,2523.0,1116.0,2505.4,2958.31,176.57530076666666,1238,2087.1951960000006,5515.0908146
甘肃,2016,2.2201799688884214,204.1109842711307,3.033440086408209,0.34459075078741797,0.4607142857142857,0.43707316396331397,7.1770187659099,0.37589203745630345,7207.1,107.6,7644.2690177486875,2520.0,1161.0,2483.5,3150.03,169.71652950000004,1308,1990.5057550000001,5295.4187816
甘肃,2017,2.2033319373778997,243.7797495090275,3.131058642083423,0.32916808415984083,0.48136399682791436,0.43237118258184387,7.201170883281678,0.3448048147720315,7642.6,103.3,7896.529895334394,2522.0,1214.0,2515.7,3304.44,173.98676512849633,1340,1832.354533,5314.179079
甘肃,2018,2.18233924082956,266.8229732988198,3.3250199439996515,0.3301493179671715,0.4970178926441352,0.450970148361567,7.155396301896734,0.30540462565730603,8364.7,105.9,8362.425159159124,2515.0,1250.0,2761.6,3772.23,182.49648573333334,1280,1656.3663144999996,5423.514168899999
甘肃,2019,2.0841682275584827,289.1404686384269,3.5462815342149496,0.3218936741298753,0.5069748903945795,0.4364817248958943,7.051855622955894,0.3059322039963637,9053.3,106.4,8897.620369345308,2509.0,1272.0,2914.2,3951.6,185.44137674666666,1154,1679.3354485,5489.2405133
甘肃,2020,2.1179660976087793,305.4995935746279,3.699930101607005,0.31018652594094237,0.5221911235505797,0.44656820156385746,7.277247726631484,0.29306455568694706,9323.1,104.0,9253.52518411912,2501.0,1306.0,2891.9,4163.4,195.98652623333334,1446,1716.4528319999997,5856.9103588
甘肃,2021,2.1342650968424643,341.1583231189977,3.980130711723525,0.3329185520361991,0.5333333333333333,0.38014328808446457,7.720461694599722,0.28263302481361574,10608.0,107.1,9910.525472191577,2490.0,1328.0,3531.6,4032.56,211.51688606666667,2253,1709.9310395,6050.004385112552
甘肃,2022,2.0399749553036974,345.217811038412,4.159875459033864,0.34461120343442736,0.5421348314606742,0.36847043345796976,7.813187267521416,0.2656919709066411,11553.6,104.6,10366.40964391239,2492.0,1351.0,3981.5,4257.16,211.47216049999997,2472,1656.639018,6235.1866048
青海,2011,3.60879177219141,18.33,2.44419014084507,0.3984009219909242,0.4647887323943662,0.6968738745227977,4.2626798770413155,0.2802887040831512,1388.3,112.4,1388.3,568.0,264.0,553.1,967.47,50.10085617333334,70,540.6611819999999,1928.9438857999999
青海,2012,3.796657672855092,61.47,2.70122819614711,0.4006718780282964,0.47810858143607704,0.7487886814393694,4.624972813284271,0.29989372775931944,1547.9,111.1,1542.4012999999998,571.0,273.0,620.2,1159.05,58.55969730266667,101,658.3734562100001,2195.3558719920266
青海,2013,4.144853519820287,118.01,2.9929608413309974,0.3922585104544669,0.4921190893169877,0.7073613271124936,4.5217885770490405,0.30035029158961396,1736.1,110.8,1708.9806403999996,571.0,281.0,681.0,1228.05,70.83474422666666,91,699.7511830000001,2329.7835980000004
青海,2014,3.3507241312051277,145.93,3.239942464091666,0.381206335662098,0.5086805555555556,0.7185910084795478,4.709530201312334,0.2972336404214754,1875.1,109.2,1866.2068593167996,576.0,293.0,714.8,1347.43,62.531443573333334,110,728.2885317500001,2450.222426766
青海,2015,2.183596698435535,195.15,3.496307824820555,0.37049116487367956,0.5164644714038128,0.7375553716594461,5.337538079701318,0.3127476784955277,2054.3,108.1,2017.3696149214602,577.0,298.0,761.1,1515.16,44.05121630666667,207,802.732204,2566.7087534
青海,2016,2.441798437582246,200.3815755453878,3.7401062104815392,0.37551391353269575,0.5360824742268041,0.659886614445839,5.605802066295998,0.30130374480770006,2310.7,107.9,2176.7418145002557,582.0,312.0,867.7,1524.8,53.15164761666667,271,817.6708724862,2713.7760037070198
青海,2017,2.088247991021096,240.2032734914942,3.978311404999614,0.3876440206595153,0.5546075085324232,0.608041319030592,5.484796933490655,0.2325483499191026,2517.0,107.1,2331.290483329774,586.0,325.0,975.7,1530.44,48.683126683000005,240,624.4809619570783,2685.381178470278
青海,2018,1.9665496933263173,263.1238566844342,4.24954142617182,0.3906210936104861,0.5724020442930153,0.5883888710311083,5.700443573390687,0.22894828559486483,2799.9,107.0,2494.4808171628583,587.0,336.0,1093.7,1647.43,49.05520486,298,636.037806,2778.085035
青海,2019,1.707634800068055,282.646000190663,4.494293404481557,0.3880537712734256,0.588135593220339,0.6170684060658235,5.680172609017068,0.23227150109967337,3020.2,106.3,2651.6331086441182,590.0,347.0,1172.0,1863.67,45.280209733333336,292,650.2917755,2799.7053983
青海,2020,1.5321792386721147,298.2266665124684,4.5475731391080405,0.37573849250146074,0.6003372681281619,0.627423229241057,5.811140992976701,0.22335044893962555,3080.6,101.7,2696.7108714910682,593.0,356.0,1157.5,1932.84,41.3184441,333,599.3446115000002,2683.4269389
青海,2021,1.6103017097872718,329.8893883587991,4.807772412304783,0.40324405884571857,0.6094276094276094,0.5381191422685199,6.12029741895095,0.23322147017098208,3446.3,105.9,2855.8168129090413,594.0,362.0,1389.7,1854.52,45.98726696666667,454,710.6718350000001,3047.1973034
青海,2022,1.5563158191768747,329.753234742678,4.919684425599609,0.44017512372872136,0.6151260504201681,0.5370914232881927,6.129050210060545,0.22567927805073035,3677.4,102.5,2927.212233231767,595.0,366.0,1618.7,1975.1,45.55666704666666,458,691.9214815000001,3065.9504385
宁夏,2011,9.745737036356521,31.31,3.0236111111111112,0.46945337620578775,0.5015432098765432,0.36028683713571175,4.6443908991413725,0.4714966673800332,1959.3,112.0,1959.3,648.0,325.0,919.8,705.91,190.94822575333333,103,1334.8896785,2831.1752146999997
宁夏,2012,8.709806436146582,87.13,3.2853209408194233,0.45906567992599445,0.511380880121396,0.3997964847363552,4.948759890378168,0.46414844093764074,2162.0,110.5,2165.0265,659.0,337.0,992.5,864.36,188.5696174412791,140,1378.3106118400003,2969.547003229467
宁夏,2013,7.898205678422679,136.74,3.5693680135135133,0.4480104867013404,0.5285285285285285,0.39007146179542473,5.220355825078324,0.466204031726729,2364.9,109.8,2377.1990969999997,666.0,352.0,1059.5,922.48,187.75607406666663,184,1463.3625820000002,3138.8887320000003
宁夏,2014,7.59667904924349,165.26,3.7901950204380523,0.44257669686854234,0.5486725663716814,0.3975719281513273,5.497168225293202,0.4860353855247542,2516.4,108.1,2569.7522238569995,678.0,372.0,1113.7,1000.45,195.21582880721337,243,1612.9621762169597,3318.6105873248403
宁夏,2015,6.9806868200610195,214.7,4.0499896159617625,0.42227851930275645,0.5701754385964912,0.4304798275796877,6.093569770045136,0.5127060316496374,2644.7,107.8,2770.1928973178456,684.0,390.0,1116.8,1138.49,193.37849047333333,442,1930.1521525000003,3764.6371085
宁夏,2016,6.388545438062476,212.3555956543532,4.272873073272994,0.4134510917183612,0.5870503597122302,0.4396803700977815,6.329720905522696,0.506383324775186,2853.3,107.2,2969.6467859247305,695.0,408.0,1179.7,1254.54,189.71723426876332,560,1949.7898346716102,3850.422672463077
宁夏,2017,7.113301968482419,255.5878968487477,4.511335755638846,0.42975913925907816,0.6099290780141844,0.4196050861963565,6.489204931325317,0.5461174152757806,3271.6,107.1,3180.4917077253863,705.0,430.0,1406.0,1372.78,226.23797925305,657,2428.99801504685,4447.757839438694
宁夏,2018,6.958896843231927,272.9234266463695,4.775217127373608,0.41560073730659663,0.6211267605633802,0.3963190526727364,6.61338421837956,0.5299885792660904,3580.6,106.6,3390.4041604352615,710.0,441.0,1488.1,1419.06,235.93472809333332,744,2559.902716,4830.1092064
宁夏,2019,6.963219821327638,292.312030066333,5.045413164831833,0.4133801900299362,0.6359832635983264,0.3744084342053885,6.395261598115449,0.5112359056744273,3841.5,106.7,3617.5612391844243,717.0,456.0,1588.0,1438.29,251.89874125555556,598,2735.804731949981,5351.354827749981
宁夏,2020,6.891160242463806,310.0156694138568,5.223136269058232,0.3976017045736088,0.6490984743411928,0.36677072493929935,6.556778356158042,0.49171998816032897,4036.2,104.1,3765.8812499909855,721.0,468.0,1604.8,1480.36,259.5129114777778,703,2857.1786675000008,5810.580688797211
宁夏,2021,7.042630302145265,344.8620837546305,5.5527269741246394,0.43642987249544624,0.6606896551724138,0.30598735669131044,7.00669522683704,0.506116040204093,4666.5,106.9,4025.7270562403637,725.0,479.0,2036.6,1427.89,283.51707354444443,1103,2999.1861870000002,5925.8864544
宁夏,2022,7.162838781554212,356.6262260216,5.767628186344367,0.4486368297827054,0.6634615384615384,0.3072405719703566,7.094234845924755,0.47502203057859305,5168.1,104.3,4198.833319658699,728.0,483.0,2318.6,1587.85,300.7556613933334,1204,3092.1923725,6509.5767637
新疆,2011,4.333057364146336,20.34,2.9697078651685396,0.4681578788062231,0.4373033707865169,0.34573672740480654,5.713732805509369,0.423803690878537,6607.6,112.2,6607.6,2225.0,973.0,3093.4,2284.49,286.31109839333334,302,2835.6275729999998,6690.898720399999
新疆,2012,4.550335808172945,82.45,3.2524759875721267,0.443482898859924,0.4420772303595206,0.36270018001200083,6.124683390894205,0.4246201783776051,7499.5,110.9,7327.828400000001,2253.0,996.0,3325.9,2720.07,333.4407996466666,456,3354.3918074999997,7899.7465931
新疆,2013,4.135005406219644,143.4,3.559689069584246,0.40851568369646885,0.44945295404814006,0.3600582268970699,6.293419278846481,0.32656709274530615,8518.4,111.0,8133.889524000002,2285.0,1027.0,3479.9,3067.12,336.3367715533334,540,3019.7657465,9246.9995097
新疆,2014,4.093531524840096,163.67,3.848291817806453,0.407363673113338,0.4679569892473118,0.3529488734282249,6.406879986069314,0.2863816795145367,9400.2,110.0,8947.278476400003,2325.0,1088.0,3829.3,3317.79,366.2596650466668,605,2891.6070785000006,10097.0393197
新疆,2015,3.8978389570316234,205.49,4.077858156749183,0.36101071686728053,0.48763102725366875,0.39859517898111185,6.85751406254539,0.2814247327635401,9545.7,108.7,9725.691703846802,2385.0,1163.0,3446.1,3804.87,379.0918000733333,950,2818.308310000001,10014.430083399999
新疆,2016,3.922387894533925,208.7221503585339,4.314073296969937,0.3476028606300245,0.5041186161449753,0.4174189773953742,6.814542897259958,0.29249455303179017,9913.9,107.7,10474.569965043007,2428.0,1224.0,3446.1,4138.25,410.8532643133333,910,3243.1533475000006,11087.91023246
新疆,2017,4.016503569713968,248.6877443208806,4.540388190492433,0.35740960491414214,0.5189516129032258,0.4046174787100377,6.85751406254539,0.3037414130478884,11460.8,107.5,11260.162712421234,2480.0,1287.0,4096.2,4637.24,452.2648373,950,3624.6672495000003,11933.3982585
新疆,2018,4.033255548833038,271.8397109073096,4.7319493303389235,0.3552375649308548,0.540079365079365,0.3823349936308647,6.828712071641684,0.2689992772265661,13110.1,105.9,11924.512312454088,2520.0,1361.0,4657.2,5012.45,480.9460545133333,923,3280.7792365000005,12196.238110100001
新疆,2019,4.096837629499804,294.3408185668762,4.9534023400307525,0.34402384330726066,0.5552950371238765,0.37900377186290096,6.75343791859778,0.2716893368137901,14024.9,106.3,12675.756588138696,2559.0,1421.0,4824.9,5315.49,519.3051657266666,856,3487.7725360000004,12837.355256199999
新疆,2020,4.229849231005925,308.3492833758535,5.070302635255478,0.3364487947161027,0.5652509652509653,0.3879597818008442,6.756932389247553,0.25111725989261774,14262.2,103.6,13132.083825311689,2590.0,1464.0,4798.5,5533.16,555.4673467,859,3251.401361,12947.741474999999
新疆,2021,4.4812886867408706,341.7678467569026,5.447608353953169,0.37407616949051603,0.5724217844727694,0.3202161808057648,7.050989447068045,0.24803674729835531,16791.5,107.4,14103.858028384755,2589.0,1482.0,6281.3,5376.91,632.03459422,1153,3593.7247119999997,14488.678597599997
新疆,2022,4.672007875379877,342.6589624651427,5.648085395209356,0.39420500795126817,0.5790490916119057,0.3684752432548988,7.445417556701687,0.23721065207840214,18550.5,103.6,14611.596917406605,2587.0,1498.0,7312.7,6835.4,682.6549586999998,1711,3466.5195835000004,14613.675874699999
