province_i,province_j,distance_km,weight
北京,天津,109.74449566450852,0.00911207431356761
北京,河北,264.20111593014195,0.003784995367939371
北京,山西,403.99877008278486,0.0024752550602940853
北京,内蒙古,413.73762113229645,0.0024169907422565296
北京,辽宁,626.8722031350388,0.0015952214741679703
北京,吉林,860.1100407076636,0.0011626419326267144
北京,黑龙江,1057.022187672082,0.0009460539349721087
北京,上海,1067.2980828967566,0.0009369453726421933
北京,江苏,899.7404975498714,0.0011114315769081755
北京,浙江,1122.1681660668546,0.0008911320337173276
北京,安徽,897.9051036788914,0.0011137034369253567
北京,福建,1561.1532541584488,0.0006405521029638166
北京,江西,1249.4362912756637,0.0008003609363539526
北京,山东,362.80979861854803,0.002756265138945111
北京,河南,621.3893260567094,0.0016092970349940285
北京,湖北,1053.822253119487,0.0009489266306911205
北京,湖南,1339.5273859952395,0.0007465319563116075
北京,广东,1888.8403011778407,0.000529425383065165
北京,广西,2046.2626939736717,0.0004886958077010548
北京,海南,2284.405355038329,0.0004377506810665051
北京,重庆,1463.8101250444215,0.0006831487109502358
北京,四川,1517.5649326629593,0.0006589503872135751
北京,贵州,1731.8528747891523,0.0005774162543234205
北京,云南,2087.837961705947,0.0004789643728783015
北京,陕西,911.0228285525708,0.001097667334625188
北京,甘肃,1181.4550329338572,0.0008464139320789404
北京,青海,1326.3297924156564,0.0007539602938260861
北京,宁夏,886.8541360973946,0.0011275811424869757
北京,新疆,2410.6803176612752,0.0004148206598252527
天津,北京,109.74449566450852,0.00911207431356761
天津,河北,262.662564985175,0.0038071660499334626
天津,山西,427.77298142494004,0.002337688548418682
天津,内蒙古,506.48066231979203,0.0019744090434169422
天津,辽宁,605.4302386942674,0.0016517179620177248
天津,吉林,859.0049645776418,0.0011641376257839012
天津,黑龙江,1068.813010569456,0.0009356173531862294
天津,上海,959.8619539957878,0.0010418164777102816
天津,江苏,800.4793590946283,0.001249251449944989
天津,浙江,1019.2307158742639,0.000981132126833748
天津,安徽,807.8098065024072,0.001237915152738394
天津,福建,1464.4746344451075,0.0006828387303402507
天津,江西,1168.0082371819528,0.0008561583456061017
天津,山东,272.9099468122332,0.0036642123589874774
天津,河南,577.7997983250303,0.0017307032693657483
天津,湖北,985.5500044756055,0.001014661859326035
天津,湖南,1275.9661769777383,0.0007837198336781986
天津,广东,1817.1457179407294,0.0005503135990289456
天津,广西,1997.5994233372642,0.0005006008653773851
天津,海南,2222.4762507708306,0.0004499485650985768
天津,重庆,1447.1090228862256,0.0006910329382132682
天津,四川,1520.0628454186876,0.0006578675368678977
天津,贵州,1701.4387638001747,0.0005877378729555293
天津,云南,2071.267614771047,0.0004827961355010794
天津,陕西,911.686095297368,0.0010968687634462895
天津,甘肃,1224.779323960631,0.0008164736131944563
天津,青海,1379.2042857957945,0.0007250557515654794
天津,宁夏,947.9325638143686,0.0010549273631619092
天津,新疆,2504.2713991734804,0.00039931774181106884
河北,北京,264.20111593014195,0.003784995367939371
河北,天津,262.662564985175,0.0038071660499334626
河北,山西,172.53395876892483,0.005795960442426888
河北,内蒙古,392.6444408876041,0.0025468334601641634
河北,辽宁,867.3940735701344,0.0011528785248486524
河北,吉林,1115.413762958929,0.00089652829578437
河北,黑龙江,1318.2805004691613,0.0007585639017220623
河北,上海,989.6191191104786,0.0010104897739838053
河北,江苏,772.0674541345459,0.0012952236163366797
河北,浙江,1006.696399867094,0.0009933481436230644
河北,安徽,732.7621624300888,0.001364699286169007
河北,福建,1405.3095798108131,0.0007115869800977397
河北,江西,1049.7080274904044,0.000952645853714919
河北,山东,268.2284471141215,0.0037281653409958274
河北,河南,373.14555018046633,0.0026799194028077375
河北,湖北,829.8503061697334,0.0012050366102961526
河北,湖南,1104.4849238998313,0.000905399411400832
河北,广东,1663.1332170125079,0.0006012747444226408
河北,广西,1792.135426698782,0.0005579935450760316
河北,海南,2043.004812442184,0.0004894751074054553
河北,重庆,1199.7960492166371,0.0008334749898975858
河北,四川,1260.3967465764867,0.0007934009689537987
河北,贵州,1468.8323873627935,0.0006808128746367338
河北,云南,1823.965626832672,0.0005482559458845211
河北,陕西,652.129012425918,0.0015334389069426662
河北,甘肃,972.5014359255592,0.001028276116680763
河北,青海,1135.0585566493862,0.000881011815770924
河北,宁夏,719.3963084624824,0.0013900543945481638
河北,新疆,2335.9608516433286,0.0004280893660082139
山西,北京,403.99877008278486,0.0024752550602940853
山西,天津,427.77298142494004,0.002337688548418682
山西,河北,172.53395876892483,0.005795960442426888
山西,内蒙古,337.83119950518943,0.002960058163558215
山西,辽宁,1026.165826568429,0.0009745013662597502
山西,吉林,1264.0820424994743,0.0007910878933322209
山西,黑龙江,1457.9774542262096,0.0006858816623681802
山西,上海,1099.29946390606,0.000909670233483762
山西,江苏,859.3980241091712,0.0011636051886860842
山西,浙江,1094.1224941390656,0.0009139744456006931
山西,安徽,794.1036721309192,0.001259281420165925
山西,福建,1455.7912705466433,0.0006869116611919952
山西,江西,1066.8671695232094,0.0009373238099049455
山西,山东,415.2051525226087,0.0024084479537992923
山西,河南,358.8096271781116,0.0027869932249716483
山西,湖北,824.473085115138,0.0012128958701670043
山西,湖南,1075.2236920998653,0.0009300390303407873
山西,广东,1639.5891541251603,0.0006099088893605011
山西,广西,1719.5963748769095,0.0005815318144477835
山西,海南,1993.5915802097256,0.0005016072549297184
山西,重庆,1080.7387247883419,0.0009252930213968652
山西,四川,1116.3087205781717,0.0008958095386749897
山西,贵州,1368.2227551423184,0.0007308751416694448
山西,云南,1701.0077721183154,0.0005878867906374528
山西,陕西,514.1840343979445,0.0019448289583143027
山西,甘肃,800.3559408240811,0.0012494440898012911
山西,青海,962.6844581982724,0.0010387619655474298
山西,宁夏,552.335527312219,0.00181049371360595
山西,新疆,2189.459354393996,0.0004567337584929877
内蒙古,北京,413.73762113229645,0.0024169907422565296
内蒙古,天津,506.48066231979203,0.0019744090434169422
内蒙古,河北,392.6444408876041,0.0025468334601641634
内蒙古,山西,337.83119950518943,0.002960058163558215
内蒙古,辽宁,987.3582263866028,0.0010128036342591299
内蒙古,吉林,1171.1176953567942,0.0008538851423428785
内蒙古,黑龙江,1327.712489246745,0.0007531751098969724
内蒙古,上海,1381.2950661345153,0.00072395827981812
内蒙古,江苏,1163.3087242743675,0.000859617038137289
内蒙古,浙江,1398.4016869069117,0.0007151021121920083
内蒙古,安徽,1115.0164682212985,0.0008968477403703502
内蒙古,福建,1784.0089114029338,0.0005605353166165555
内蒙古,江西,1403.6265731308272,0.0007124402025030581
内蒙古,山东,652.3128964086291,0.001533006637620681
内蒙古,河南,696.2429692194274,0.0014362802128129507
内蒙古,湖北,1162.2749903791562,0.0008603815863522805
内蒙古,湖南,1408.8354762955632,0.0007098060893734957
内蒙古,广东,1973.1396551494252,0.0005068064986633044
内蒙古,广西,2025.3257033976538,0.000493747745521827
内蒙古,海南,2314.8248606367442,0.0004319981252166644
内蒙古,重庆,1339.1340236915837,0.0007467512454379326
内蒙古,四川,1320.522145148267,0.0007572762059872316
内蒙古,贵州,1647.7090800813182,0.0006069032525757809
内蒙古,云南,1940.7629198678196,0.0005152612870757586
内蒙古,陕西,767.2992956292505,0.0013032724071249343
内蒙古,甘肃,863.8577979479342,0.001157597931483014
内蒙古,青海,975.8970814827572,0.001024698217644653
内蒙古,宁夏,530.5143678552303,0.0018849630860005013
内蒙古,新疆,1998.1796285682292,0.0005004555074543211
辽宁,北京,626.8722031350388,0.0015952214741679703
辽宁,天津,605.4302386942674,0.0016517179620177248
辽宁,河北,867.3940735701344,0.0011528785248486524
辽宁,山西,1026.165826568429,0.0009745013662597502
辽宁,内蒙古,987.3582263866028,0.0010128036342591299
辽宁,吉林,279.0760446687468,0.0035832527338093955
辽宁,黑龙江,510.2593166304005,0.0019597878322020657
辽宁,上海,1187.6257438772645,0.0008420161024257363
辽宁,江苏,1160.7038425838668,0.0008615462130063077
辽宁,浙江,1312.9358760193531,0.0007616518203705934
辽宁,安徽,1231.9371436146434,0.0008117297259711534
辽宁,福建,1788.4419913327629,0.0005591458961745755
辽宁,江西,1609.853231368695,0.0006211746391003616
辽宁,山东,793.7315945256312,0.001259871733589796
辽宁,河南,1155.7091629368385,0.0008652695955605672
辽宁,湖北,1489.8708194211767,0.0006711991314713484
辽宁,湖南,1783.8153828036664,0.0005605961298687062
辽宁,广东,2280.0405885090954,0.000438588683482119
辽宁,广西,2534.316913044735,0.00039458364297407356
辽宁,海南,2716.1126646541206,0.0003681732400181358
辽宁,重庆,2041.6994635807912,0.0004897880505126701
辽宁,四川,2124.9367692698447,0.00047060223836383266
辽宁,贵州,2277.9217821160264,0.0004389966362545915
辽宁,云南,2663.6504400631325,0.0003754246371668418
辽宁,陕西,1516.7812280629648,0.0006592908598144173
辽宁,甘肃,1806.9775954066447,0.0005534102927130973
辽宁,青海,1945.9337955658796,0.0005138920976030426
辽宁,宁夏,1501.567871106789,0.0006659705626645508
辽宁,新疆,2907.5766430508347,0.00034392902501470415
吉林,北京,860.1100407076636,0.0011626419326267144
吉林,天津,859.0049645776418,0.0011641376257839012
吉林,河北,1115.413762958929,0.00089652829578437
吉林,山西,1264.0820424994743,0.0007910878933322209
吉林,内蒙古,1171.1176953567942,0.0008538851423428785
吉林,辽宁,279.0760446687468,0.0035832527338093955
吉林,黑龙江,232.47374491054748,0.004301561023094395
吉林,上海,1447.1144632804596,0.0006910303402904998
吉林,江苏,1435.901762521571,0.0006964264729670024
吉林,浙江,1579.3483245525986,0.0006331725462040062
吉林,安徽,1510.2330899624467,0.0006621494434510542
吉林,福建,2053.5666190056213,0.0004869576622180489
吉林,江西,1887.8000192944837,0.0005297171256379815
吉林,山东,1067.2542896767773,0.0009369838188262092
吉林,河南,1424.2224817051235,0.0007021374910489889
吉林,湖北,1768.5921920561989,0.0005654214716606777
吉林,湖南,2062.687653663583,0.00048480437560378026
吉林,广东,2557.9963456094515,0.0003909309728750791
吉林,广西,2812.2916106388457,0.00035558190203925476
吉林,海南,2995.0346250398393,0.0003338859563223574
吉林,重庆,2305.046819339611,0.0004338306673903036
吉林,四川,2375.612142686989,0.0004209441356318914
吉林,贵州,2549.215604251504,0.0003922775297359041
吉林,云南,2928.6344308773346,0.0003414560688957101
吉林,陕西,1767.523798200273,0.0005657632451784917
吉林,甘肃,2020.4312750903891,0.0004949438331948522
吉林,青海,2145.7627240761453,0.0004660347524820333
吉林,宁夏,1699.3895474913095,0.0005884465992369027
吉林,新疆,2997.4903128984593,0.0003336124209299072
黑龙江,北京,1057.022187672082,0.0009460539349721087
黑龙江,天津,1068.813010569456,0.0009356173531862294
黑龙江,河北,1318.2805004691613,0.0007585639017220623
黑龙江,山西,1457.9774542262096,0.0006858816623681802
黑龙江,内蒙古,1327.712489246745,0.0007531751098969724
黑龙江,辽宁,510.2593166304005,0.0019597878322020657
黑龙江,吉林,232.47374491054748,0.004301561023094395
黑龙江,上海,1675.6772971072112,0.0005967736160932299
黑龙江,江苏,1668.3698635518424,0.0005993874750716667
黑龙江,浙江,1810.0336757959444,0.000552475908803332
黑龙江,安徽,1742.1387917969628,0.0005740070795212192
黑龙江,福建,2283.5698716161196,0.00043791083970304957
黑龙江,江西,2119.907557770353,0.00047171868241828723
黑龙江,山东,1290.2937282231107,0.0007750173298735009
黑龙江,河南,1641.506809171729,0.0006091963764101471
黑龙江,湖北,1997.3907795699224,0.0005006531572231046
黑龙江,湖南,2291.8348206663204,0.0004363316199678227
黑龙江,广东,2790.112572265903,0.00035840847782993973
黑龙江,广西,3039.2086652015287,0.00032903301818326794
黑龙江,海南,3226.1753515318146,0.00030996455277150134
黑龙江,重庆,2515.364201978859,0.0003975567431600129
黑龙江,四川,2573.9776336079804,0.00038850376434634593
黑龙江,贵州,2767.4120018119143,0.0003613484364978065
黑龙江,云南,3139.7126498590337,0.0003185004844455743
黑龙江,陕西,1968.043040708036,0.0005081189685974721
黑龙江,甘肃,2188.808240331704,0.0004568696250195287
黑龙江,青海,2302.196276743285,0.0004343678295816776
黑龙江,宁夏,1858.0751280053505,0.0005381913706974287
黑龙江,新疆,3057.4826961898634,0.00032706644627823007
上海,北京,1067.2980828967566,0.0009369453726421933
上海,天津,959.8619539957878,0.0010418164777102816
上海,河北,989.6191191104786,0.0010104897739838053
上海,山西,1099.29946390606,0.000909670233483762
上海,内蒙古,1381.2950661345153,0.00072395827981812
上海,辽宁,1187.6257438772645,0.0008420161024257363
上海,吉林,1447.1144632804596,0.0006910303402904998
上海,黑龙江,1675.6772971072112,0.0005967736160932299
上海,江苏,271.4654497927015,0.003683710029263862
上海,浙江,164.04029126046836,0.006096063304424206
上海,安徽,403.1111431755312,0.0024807054256115136
上海,福建,611.0465438935942,0.0016365365453636165
上海,江西,607.9716312780675,0.0016448135875975283
上海,山东,732.2859706498514,0.0013655867244221156
上海,河南,826.6032066460552,0.001209770288767089
上海,湖北,688.0892065682565,0.0014532999361919258
上海,湖南,886.4561527675994,0.001128087381285477
上海,广东,1211.1889367242397,0.0008256350183519529
上海,广西,1601.3391313648342,0.0006244773392552345
上海,海南,1670.6404916083054,0.0005985728258252091
上海,重庆,1446.9906273511058,0.0006910894798473041
上海,四川,1659.5538210296493,0.0006025715992624828
上海,贵州,1525.4429673471286,0.0006555472878406478
上海,云南,1960.8586640941892,0.0005099806622023654
上海,陕西,1217.9140621934387,0.0008210759946387516
上海,甘肃,1716.6687154563856,0.0005825235766203992
上海,青海,1909.18693873188,0.0005237831768659699
上海,宁夏,1599.9039640719488,0.0006250375162862146
上海,新疆,3266.5497069118337,0.0003061334097822105
江苏,北京,899.7404975498714,0.0011114315769081755
江苏,天津,800.4793590946283,0.001249251449944989
江苏,河北,772.0674541345459,0.0012952236163366797
江苏,山西,859.3980241091712,0.0011636051886860842
江苏,内蒙古,1163.3087242743675,0.000859617038137289
江苏,辽宁,1160.7038425838668,0.0008615462130063077
江苏,吉林,1435.901762521571,0.0006964264729670024
江苏,黑龙江,1668.3698635518424,0.0005993874750716667
江苏,上海,271.4654497927015,0.003683710029263862
江苏,浙江,235.44605810410874,0.004247257346554612
江苏,安徽,141.47592998886293,0.007068340176867687
江苏,福建,665.4772320111248,0.0015026810113066091
江苏,江西,464.8296500165904,0.0021513257598010553
江苏,山东,540.185167583801,0.0018512170640910205
江苏,河南,561.6185274730802,0.0017805680387706448
江苏,湖北,454.35439491044235,0.0022009251174892005
江苏,湖南,701.6734424099668,0.0014251643849671738
江苏,广东,1128.8403872566603,0.000885864831989426
江苏,广西,1452.1820210851006,0.0006886189096686235
江苏,海南,1577.658624449904,0.0006338506851244062
江苏,重庆,1203.356777786418,0.0008310087402669605
江苏,四川,1403.4077693914946,0.0007125512782600536
江苏,贵州,1315.9757356125679,0.0007598924303376417
江苏,云南,1748.1711350640567,0.0005720263765614446
江苏,陕西,946.4737259810796,0.0010565533649266776
江苏,甘肃,1445.6109088084422,0.0006917490687893736
江苏,青海,1638.3247775676418,0.0006103795863263826
江苏,宁夏,1338.422197810263,0.0007471483972965021
江苏,新疆,3004.8989710815235,0.0003327898906498277
浙江,北京,1122.1681660668546,0.0008911320337173276
浙江,天津,1019.2307158742639,0.000981132126833748
浙江,河北,1006.696399867094,0.0009933481436230644
浙江,山西,1094.1224941390656,0.0009139744456006931
浙江,内蒙古,1398.4016869069117,0.0007151021121920083
浙江,辽宁,1312.9358760193531,0.0007616518203705934
浙江,吉林,1579.3483245525986,0.0006331725462040062
浙江,黑龙江,1810.0336757959444,0.000552475908803332
浙江,上海,164.04029126046836,0.006096063304424206
浙江,江苏,235.44605810410874,0.004247257346554612
浙江,安徽,324.57254262263325,0.0030809753404269246
浙江,福建,475.67122499468513,0.0021022923974667027
浙江,江西,449.6620307593566,0.0022238924605470305
浙江,山东,768.0369638891001,0.0013020206669953896
浙江,河南,785.2520282619978,0.0012734764941814986
浙江,湖北,562.2369853420549,0.0017786094228426077
浙江,湖南,733.5314270291825,0.001363268107066688
浙江,广东,1048.4179003941201,0.0009538181288435471
浙江,广西,1438.6357763787105,0.0006951029693680836
浙江,海南,1507.624631706341,0.0006632950795372668
浙江,重庆,1317.394534067409,0.0007590740466430624
浙江,四川,1541.0189091927045,0.0006489213039727534
浙江,贵州,1376.3334737259604,0.0007265681022004326
浙江,云南,1811.6634277414614,0.0005519789077194463
浙江,陕西,1141.6102318885492,0.0008759557089337879
浙江,甘肃,1646.999707015959,0.0006071646495989997
浙江,青海,1840.5672646068906,0.0005433107603451703
浙江,宁夏,1561.885298923146,0.000640251880653117
浙江,新疆,3225.949596960182,0.0003099862443425346
安徽,北京,897.9051036788914,0.0011137034369253567
安徽,天津,807.8098065024072,0.001237915152738394
安徽,河北,732.7621624300888,0.001364699286169007
安徽,山西,794.1036721309192,0.001259281420165925
安徽,内蒙古,1115.0164682212985,0.0008968477403703502
安徽,辽宁,1231.9371436146434,0.0008117297259711534
安徽,吉林,1510.2330899624467,0.0006621494434510542
安徽,黑龙江,1742.1387917969628,0.0005740070795212192
安徽,上海,403.1111431755312,0.0024807054256115136
安徽,江苏,141.47592998886293,0.007068340176867687
安徽,浙江,324.57254262263325,0.0030809753404269246
安徽,福建,672.7482741710176,0.0014864400822614265
安徽,江西,378.46494129903243,0.002642252665643555
安徽,山东,535.988165941777,0.0018657128338699692
安徽,河南,465.512834924946,0.002148168482102601
安徽,湖北,317.3064328547614,0.003151527660511451
安徽,湖南,581.0004609347658,0.001721169030384434
安徽,广东,1048.2919568813545,0.0009539327221158674
安徽,广西,1338.0136868782365,0.0007473765102755658
安徽,海南,1486.690471490611,0.000672634969535631
安徽,重庆,1062.0259217491198,0.0009415966027957536
安徽,四川,1262.615572659695,0.0007920067054879607
安徽,贵州,1181.1177823500439,0.000846655612965476
安徽,云南,1611.6596100931808,0.0006204784147579298
安徽,陕西,821.0644401138896,0.0012179312014307796
安徽,甘肃,1324.7208966706096,0.00075487599124712
安徽,青海,1518.1301696792266,0.0006587050438575337
安徽,宁夏,1239.517111770181,0.0008067657884705428
安徽,新疆,2902.0310223731212,0.00034458625434756896
福建,北京,1561.1532541584488,0.0006405521029638166
福建,天津,1464.4746344451075,0.0006828387303402507
福建,河北,1405.3095798108131,0.0007115869800977397
福建,山西,1455.7912705466433,0.0006869116611919952
福建,内蒙古,1784.0089114029338,0.0005605353166165555
福建,辽宁,1788.4419913327629,0.0005591458961745755
福建,吉林,2053.5666190056213,0.0004869576622180489
福建,黑龙江,2283.5698716161196,0.00043791083970304957
福建,上海,611.0465438935942,0.0016365365453636165
福建,江苏,665.4772320111248,0.0015026810113066091
福建,浙江,475.67122499468513,0.0021022923974667027
福建,安徽,672.7482741710176,0.0014864400822614265
福建,江西,444.14356432682365,0.002251524237474144
福建,山东,1198.7480538266923,0.0008342036483877987
福建,河南,1106.1237044921538,0.0009040580144325923
福建,湖北,700.96643283152,0.0014266018359260775
福建,湖南,668.5557204834935,0.0014957616386511643
福建,广东,691.7693493608965,0.0014455685278971493
福建,广西,1168.8481274120572,0.0008555431424731772
福建,海南,1137.2495239769019,0.0008793145030327668
福建,重庆,1315.6146078651882,0.0007601010159218836
福建,四川,1574.2371882630266,0.0006352282918073957
福建,贵州,1255.7579962172085,0.0007963317796998761
福建,云南,1667.4644432355562,0.0005997129378420778
福建,陕西,1347.7332061074533,0.0007419866153541008
福建,甘肃,1841.6685890479828,0.000542985858556089
福建,青海,2030.6356397659383,0.0004924566379201663
福建,宁夏,1839.5708383604954,0.0005436050513234071
福建,新疆,3462.612784036371,0.000288799257199732
江西,北京,1249.4362912756637,0.0008003609363539526
江西,天津,1168.0082371819528,0.0008561583456061017
江西,河北,1049.7080274904044,0.000952645853714919
江西,山西,1066.8671695232094,0.0009373238099049455
江西,内蒙古,1403.6265731308272,0.0007124402025030581
江西,辽宁,1609.853231368695,0.0006211746391003616
江西,吉林,1887.8000192944837,0.0005297171256379815
江西,黑龙江,2119.907557770353,0.00047171868241828723
江西,上海,607.9716312780675,0.0016448135875975283
江西,江苏,464.8296500165904,0.0021513257598010553
江西,浙江,449.6620307593566,0.0022238924605470305
江西,安徽,378.46494129903243,0.002642252665643555
江西,福建,444.14356432682365,0.002251524237474144
江西,山东,895.4959472714648,0.0011166996378341569
江西,河南,708.2087206122761,0.0014120131126533688
江西,湖北,262.15430643225415,0.0038145472931928348
江西,湖南,289.53111876697636,0.0034538601731609756
江西,广东,670.2051374429115,0.001492080475263711
江西,广西,998.8085935483114,0.0010011928275941802
江西,海南,1113.679077176139,0.0008979247437561768
江西,重庆,916.7130938086303,0.0010908538415714572
江西,四川,1163.1285148521815,0.0008597502229812387
江西,贵州,933.5748889684452,0.0010711513471671793
江西,云南,1367.5899489351712,0.000731213329535375
江西,陕西,904.8510173916542,0.0011051543080347354
江西,甘肃,1397.5578130418257,0.0007155339054085144
江西,青海,1586.7947808575557,0.0006302012157234141
江西,宁夏,1404.7504654295967,0.0007118702037191943
江西,新疆,3018.6273330075423,0.0003312764013846228
山东,北京,362.80979861854803,0.002756265138945111
山东,天津,272.9099468122332,0.0036642123589874774
山东,河北,268.2284471141215,0.0037281653409958274
山东,山西,415.2051525226087,0.0024084479537992923
山东,内蒙古,652.3128964086291,0.001533006637620681
山东,辽宁,793.7315945256312,0.001259871733589796
山东,吉林,1067.2542896767773,0.0009369838188262092
山东,黑龙江,1290.2937282231107,0.0007750173298735009
山东,上海,732.2859706498514,0.0013655867244221156
山东,江苏,540.185167583801,0.0018512170640910205
山东,浙江,768.0369638891001,0.0013020206669953896
山东,安徽,535.988165941777,0.0018657128338699692
山东,福建,1198.7480538266923,0.0008342036483877987
山东,江西,895.4959472714648,0.0011166996378341569
山东,河南,368.95403543282276,0.0027103647174556377
山东,湖北,721.9735202333378,0.001385092350307814
山东,湖南,1015.4463864606405,0.00098478857508718
山东,广东,1548.4607721576895,0.0006458026047418421
山东,广西,1751.4496044284995,0.0005709556229716935
山东,海南,1960.9607403924886,0.0005099541155524862
山东,重庆,1258.1654306128205,0.0007948080400785812
山东,四川,1369.5193355888757,0.0007301831920248229
山东,贵州,1484.3863250306965,0.0006736790706956428
山东,云南,1875.7112483674161,0.0005331310994004974
山东,陕西,776.7325344526901,0.0012874444620819586
山东,甘肃,1180.9463619755575,0.0008467785093364786
山东,青海,1356.5699173613652,0.0007371533064400236
山东,宁夏,965.1656537674147,0.0010360915725674794
山东,新疆,2600.933643177472,0.0003844773212969533
河南,北京,621.3893260567094,0.0016092970349940285
河南,天津,577.7997983250303,0.0017307032693657483
河南,河北,373.14555018046633,0.0026799194028077375
河南,山西,358.8096271781116,0.0027869932249716483
河南,内蒙古,696.2429692194274,0.0014362802128129507
河南,辽宁,1155.7091629368385,0.0008652695955605672
河南,吉林,1424.2224817051235,0.0007021374910489889
河南,黑龙江,1641.506809171729,0.0006091963764101471
河南,上海,826.6032066460552,0.001209770288767089
河南,江苏,561.6185274730802,0.0017805680387706448
河南,浙江,785.2520282619978,0.0012734764941814986
河南,安徽,465.512834924946,0.002148168482102601
河南,福建,1106.1237044921538,0.0009040580144325923
河南,江西,708.2087206122761,0.0014120131126533688
河南,山东,368.95403543282276,0.0027103647174556377
河南,湖北,467.85114727760345,0.0021374319712988573
河南,湖南,732.7345521850419,0.0013647507095413509
河南,广东,1294.04800061189,0.0007727688613769739
河南,广西,1424.9019333275326,0.0007018026831255178
河南,海南,1669.892126219756,0.0005988410773956791
河南,重庆,889.4660867535945,0.0011242699580034988
河南,四川,1006.5209978769489,0.0009935212500378
河南,贵州,1125.9055799222,0.0008881739444519848
河南,云南,1508.6868680530772,0.0006628280666951619
河南,陕西,435.68653990754086,0.002295228124817018
河南,甘肃,903.186436153208,0.0011071911179923537
河南,青海,1092.5620516288795,0.0009152798218729266
河南,宁夏,777.2778893143703,0.0012865411633953602
河南,新疆,2443.350334471374,0.00040927409626518126
湖北,北京,1053.822253119487,0.0009489266306911205
湖北,天津,985.5500044756055,0.001014661859326035
湖北,河北,829.8503061697334,0.0012050366102961526
湖北,山西,824.473085115138,0.0012128958701670043
湖北,内蒙古,1162.2749903791562,0.0008603815863522805
湖北,辽宁,1489.8708194211767,0.0006711991314713484
湖北,吉林,1768.5921920561989,0.0005654214716606777
湖北,黑龙江,1997.3907795699224,0.0005006531572231046
湖北,上海,688.0892065682565,0.0014532999361919258
湖北,江苏,454.35439491044235,0.0022009251174892005
湖北,浙江,562.2369853420549,0.0017786094228426077
湖北,安徽,317.3064328547614,0.003151527660511451
湖北,福建,700.96643283152,0.0014266018359260775
湖北,江西,262.15430643225415,0.0038145472931928348
湖北,山东,721.9735202333378,0.001385092350307814
湖北,河南,467.85114727760345,0.0021374319712988573
湖北,湖南,294.78960234608564,0.0033922499031224006
湖北,广东,835.5331853466565,0.001196840553478564
湖北,广西,1047.0410727912638,0.0009550723710715006
湖北,海南,1238.988223590995,0.0008071101734136516
湖北,重庆,758.9512803052467,0.0013176076329929963
湖北,四川,978.863210359249,0.001021593200579061
湖北,贵州,863.9284501102134,0.0011575032629987214
湖北,云南,1294.4709477165388,0.0007725163718536991
湖北,陕西,647.5333121721317,0.0015443220930912867
湖北,甘肃,1146.8583671615072,0.0008719472505354048
湖北,青海,1338.188159461242,0.0007472790675435377
湖北,宁夏,1142.6584956462107,0.0008751521157110615
湖北,新疆,2763.7161544787955,0.0003618316585729797
湖南,北京,1339.5273859952395,0.0007465319563116075
湖南,天津,1275.9661769777383,0.0007837198336781986
湖南,河北,1104.4849238998313,0.000905399411400832
湖南,山西,1075.2236920998653,0.0009300390303407873
湖南,内蒙古,1408.8354762955632,0.0007098060893734957
湖南,辽宁,1783.8153828036664,0.0005605961298687062
湖南,吉林,2062.687653663583,0.00048480437560378026
湖南,黑龙江,2291.8348206663204,0.0004363316199678227
湖南,上海,886.4561527675994,0.001128087381285477
湖南,江苏,701.6734424099668,0.0014251643849671738
湖南,浙江,733.5314270291825,0.001363268107066688
湖南,安徽,581.0004609347658,0.001721169030384434
湖南,福建,668.5557204834935,0.0014957616386511643
湖南,江西,289.53111876697636,0.0034538601731609756
湖南,山东,1015.4463864606405,0.00098478857508718
湖南,河南,732.7345521850419,0.0013647507095413509
湖南,湖北,294.78960234608564,0.0033922499031224006
湖南,广东,564.4299381886838,0.0017716990760786135
湖南,广西,758.4079638181801,0.0013185515549777888
湖南,海南,946.526691923629,0.0010564942420880886
湖南,重庆,648.0034134716589,0.0015432017474144618
湖南,四川,905.70303461169,0.0011041146620743506
湖南,贵州,644.3879381321863,0.0015518602084616695
湖南,云南,1079.0128672797737,0.000926773007370183
湖南,陕西,776.0540924502243,0.0012885699717692545
湖南,甘肃,1226.9799980430935,0.0008150092109039241
湖南,青海,1406.8348598781556,0.0007108154826975277
湖南,宁夏,1300.0368097629137,0.0007692089889226821
湖南,新疆,2846.497662096572,0.0003513089131657517
广东,北京,1888.8403011778407,0.000529425383065165
广东,天津,1817.1457179407294,0.0005503135990289456
广东,河北,1663.1332170125079,0.0006012747444226408
广东,山西,1639.5891541251603,0.0006099088893605011
广东,内蒙古,1973.1396551494252,0.0005068064986633044
广东,辽宁,2280.0405885090954,0.000438588683482119
广东,吉林,2557.9963456094515,0.0003909309728750791
广东,黑龙江,2790.112572265903,0.00035840847782993973
广东,上海,1211.1889367242397,0.0008256350183519529
广东,江苏,1128.8403872566603,0.000885864831989426
广东,浙江,1048.4179003941201,0.0009538181288435471
广东,安徽,1048.2919568813545,0.0009539327221158674
广东,福建,691.7693493608965,0.0014455685278971493
广东,江西,670.2051374429115,0.001492080475263711
广东,山东,1548.4607721576895,0.0006458026047418421
广东,河南,1294.04800061189,0.0007727688613769739
广东,湖北,835.5331853466565,0.001196840553478564
广东,湖南,564.4299381886838,0.0017716990760786135
广东,广西,508.9219751810174,0.001964937748353885
广东,海南,459.64877960547966,0.002175574143497799
广东,重庆,981.201443655945,0.0010191587124800915
广东,四川,1238.73917603153,0.000807272442293814
广东,贵州,765.631360442187,0.0013061115984361645
广东,云南,1093.4719974276652,0.000914518160823914
广东,陕西,1308.188722865835,0.0007644157012830005
广东,甘肃,1701.9816339443103,0.0005875504059832413
广东,青海,1862.8503894597554,0.0005368117620492377
广东,宁夏,1830.7500820219857,0.000546224200572228
广东,新疆,3282.783651859995,0.0003046195260030033
广西,北京,2046.2626939736717,0.0004886958077010548
广西,天津,1997.5994233372642,0.0005006008653773851
广西,河北,1792.135426698782,0.0005579935450760316
广西,山西,1719.5963748769095,0.0005815318144477835
广西,内蒙古,2025.3257033976538,0.000493747745521827
广西,辽宁,2534.316913044735,0.00039458364297407356
广西,吉林,2812.2916106388457,0.00035558190203925476
广西,黑龙江,3039.2086652015287,0.00032903301818326794
广西,上海,1601.3391313648342,0.0006244773392552345
广西,江苏,1452.1820210851006,0.0006886189096686235
广西,浙江,1438.6357763787105,0.0006951029693680836
广西,安徽,1338.0136868782365,0.0007473765102755658
广西,福建,1168.8481274120572,0.0008555431424731772
广西,江西,998.8085935483114,0.0010011928275941802
广西,山东,1751.4496044284995,0.0005709556229716935
广西,河南,1424.9019333275326,0.0007018026831255178
广西,湖北,1047.0410727912638,0.0009550723710715006
广西,湖南,758.4079638181801,0.0013185515549777888
广西,广东,508.9219751810174,0.001964937748353885
广西,海南,373.7790333248111,0.0026753774579191224
广西,重庆,767.652086450483,0.0013026734606087786
广西,四川,968.0196353487138,0.0010330368966532024
广西,贵州,447.8814856160415,0.002232733506777007
广西,云南,620.8695876985911,0.0016106441993829186
广西,陕西,1273.445324990599,0.0007852712483022248
广西,甘肃,1534.077259417652,0.0006518576517975425
广西,青海,1658.1356736330358,0.0006030869583843905
广西,宁夏,1750.1462610290728,0.0005713808167164312
广西,新疆,3004.949456804143,0.00033278429949485104
海南,北京,2284.405355038329,0.0004377506810665051
海南,天津,2222.4762507708306,0.0004499485650985768
海南,河北,2043.004812442184,0.0004894751074054553
海南,山西,1993.5915802097256,0.0005016072549297184
海南,内蒙古,2314.8248606367442,0.0004319981252166644
海南,辽宁,2716.1126646541206,0.0003681732400181358
海南,吉林,2995.0346250398393,0.0003338859563223574
海南,黑龙江,3226.1753515318146,0.00030996455277150134
海南,上海,1670.6404916083054,0.0005985728258252091
海南,江苏,1577.658624449904,0.0006338506851244062
海南,浙江,1507.624631706341,0.0006632950795372668
海南,安徽,1486.690471490611,0.000672634969535631
海南,福建,1137.2495239769019,0.0008793145030327668
海南,江西,1113.679077176139,0.0008979247437561768
海南,山东,1960.9607403924886,0.0005099541155524862
海南,河南,1669.892126219756,0.0005988410773956791
海南,湖北,1238.988223590995,0.0008071101734136516
海南,湖南,946.526691923629,0.0010564942420880886
海南,广东,459.64877960547966,0.002175574143497799
海南,广西,373.7790333248111,0.0026753774579191224
海南,重庆,1124.6323448868297,0.0008891794767832582
海南,四川,1338.2541531273366,0.0007472422167815598
海南,贵州,816.1674625630559,0.0012252387480133607
海南,云南,960.0786454257171,0.0010415813379086054
海南,陕西,1588.2909355449347,0.000629607572278252
海南,甘肃,1891.6731753642325,0.0005286325423562952
海南,青海,2023.544739233488,0.0004941823032678767
海南,宁夏,2086.5617771588745,0.00047925731744287496
海南,新疆,3378.7283718930944,0.000295969338144724
重庆,北京,1463.8101250444215,0.0006831487109502358
重庆,天津,1447.1090228862256,0.0006910329382132682
重庆,河北,1199.7960492166371,0.0008334749898975858
重庆,山西,1080.7387247883419,0.0009252930213968652
重庆,内蒙古,1339.1340236915837,0.0007467512454379326
重庆,辽宁,2041.6994635807912,0.0004897880505126701
重庆,吉林,2305.046819339611,0.0004338306673903036
重庆,黑龙江,2515.364201978859,0.0003975567431600129
重庆,上海,1446.9906273511058,0.0006910894798473041
重庆,江苏,1203.356777786418,0.0008310087402669605
重庆,浙江,1317.394534067409,0.0007590740466430624
重庆,安徽,1062.0259217491198,0.0009415966027957536
重庆,福建,1315.6146078651882,0.0007601010159218836
重庆,江西,916.7130938086303,0.0010908538415714572
重庆,山东,1258.1654306128205,0.0007948080400785812
重庆,河南,889.4660867535945,0.0011242699580034988
重庆,湖北,758.9512803052467,0.0013176076329929963
重庆,湖南,648.0034134716589,0.0015432017474144618
重庆,广东,981.201443655945,0.0010191587124800915
重庆,广西,767.652086450483,0.0013026734606087786
重庆,海南,1124.6323448868297,0.0008891794767832582
重庆,四川,265.9820723591386,0.0037596518860480337
重庆,贵州,329.196804367647,0.0030376965594210324
重庆,云南,624.4078386987253,0.001601517370576279
重庆,陕西,574.239574238043,0.0017414334449639723
重庆,甘肃,767.504389827555,0.0013029241438276109
重庆,青海,902.6855400962199,0.0011078054932545027
重庆,宁夏,993.5484775613899,0.0010064934148502195
重庆,新疆,2303.0144762602113,0.00043421351029623867
四川,北京,1517.5649326629593,0.0006589503872135751
四川,天津,1520.0628454186876,0.0006578675368678977
四川,河北,1260.3967465764867,0.0007934009689537987
四川,山西,1116.3087205781717,0.0008958095386749897
四川,内蒙古,1320.522145148267,0.0007572762059872316
四川,辽宁,2124.9367692698447,0.00047060223836383266
四川,吉林,2375.612142686989,0.0004209441356318914
四川,黑龙江,2573.9776336079804,0.00038850376434634593
四川,上海,1659.5538210296493,0.0006025715992624828
四川,江苏,1403.4077693914946,0.0007125512782600536
四川,浙江,1541.0189091927045,0.0006489213039727534
四川,安徽,1262.615572659695,0.0007920067054879607
四川,福建,1574.2371882630266,0.0006352282918073957
四川,江西,1163.1285148521815,0.0008597502229812387
四川,山东,1369.5193355888757,0.0007301831920248229
四川,河南,1006.5209978769489,0.0009935212500378
四川,湖北,978.863210359249,0.001021593200579061
四川,湖南,905.70303461169,0.0011041146620743506
四川,广东,1238.73917603153,0.000807272442293814
四川,广西,968.0196353487138,0.0010330368966532024
四川,海南,1338.2541531273366,0.0007472422167815598
四川,重庆,265.9820723591386,0.0037596518860480337
四川,贵州,522.1807598492984,0.001915045664050511
四川,云南,638.781719334955,0.001565479990631408
四川,陕西,608.4431363058419,0.0016435389608821832
四川,甘肃,600.7157162050386,0.0016646809347979107
四川,青海,696.0376276101366,0.0014367039371614523
四川,宁夏,891.3292622786638,0.0011219198587102614
四川,新疆,2054.9106303629273,0.00048663916825588923
贵州,北京,1731.8528747891523,0.0005774162543234205
贵州,天津,1701.4387638001747,0.0005877378729555293
贵州,河北,1468.8323873627935,0.0006808128746367338
贵州,山西,1368.2227551423184,0.0007308751416694448
贵州,内蒙古,1647.7090800813182,0.0006069032525757809
贵州,辽宁,2277.9217821160264,0.0004389966362545915
贵州,吉林,2549.215604251504,0.0003922775297359041
贵州,黑龙江,2767.4120018119143,0.0003613484364978065
贵州,上海,1525.4429673471286,0.0006555472878406478
贵州,江苏,1315.9757356125679,0.0007598924303376417
贵州,浙江,1376.3334737259604,0.0007265681022004326
贵州,安徽,1181.1177823500439,0.000846655612965476
贵州,福建,1255.7579962172085,0.0007963317796998761
贵州,江西,933.5748889684452,0.0010711513471671793
贵州,山东,1484.3863250306965,0.0006736790706956428
贵州,河南,1125.9055799222,0.0008881739444519848
贵州,湖北,863.9284501102134,0.0011575032629987214
贵州,湖南,644.3879381321863,0.0015518602084616695
贵州,广东,765.631360442187,0.0013061115984361645
贵州,广西,447.8814856160415,0.002232733506777007
贵州,海南,816.1674625630559,0.0012252387480133607
贵州,重庆,329.196804367647,0.0030376965594210324
贵州,四川,522.1807598492984,0.001915045664050511
贵州,云南,435.47271712410054,0.0022963551117601267
贵州,陕西,880.8867022741655,0.0011352197705088774
贵州,甘肃,1089.0879911416682,0.0009181994550795853
贵州,青海,1210.2551591369229,0.0008262720406109539
贵州,宁夏,1322.514972250488,0.000756135106960889
贵州,新疆,2570.8986577878804,0.00038896904666808066
云南,北京,2087.837961705947,0.0004789643728783015
云南,天津,2071.267614771047,0.0004827961355010794
云南,河北,1823.965626832672,0.0005482559458845211
云南,山西,1701.0077721183154,0.0005878867906374528
云南,内蒙古,1940.7629198678196,0.0005152612870757586
云南,辽宁,2663.6504400631325,0.0003754246371668418
云南,吉林,2928.6344308773346,0.0003414560688957101
云南,黑龙江,3139.7126498590337,0.0003185004844455743
云南,上海,1960.8586640941892,0.0005099806622023654
云南,江苏,1748.1711350640567,0.0005720263765614446
云南,浙江,1811.6634277414614,0.0005519789077194463
云南,安徽,1611.6596100931808,0.0006204784147579298
云南,福建,1667.4644432355562,0.0005997129378420778
云南,江西,1367.5899489351712,0.000731213329535375
云南,山东,1875.7112483674161,0.0005331310994004974
云南,河南,1508.6868680530772,0.0006628280666951619
云南,湖北,1294.4709477165388,0.0007725163718536991
云南,湖南,1079.0128672797737,0.000926773007370183
云南,广东,1093.4719974276652,0.000914518160823914
云南,广西,620.8695876985911,0.0016106441993829186
云南,海南,960.0786454257171,0.0010415813379086054
云南,重庆,624.4078386987253,0.001601517370576279
云南,四川,638.781719334955,0.001565479990631408
云南,贵州,435.47271712410054,0.0022963551117601267
云南,陕西,1188.7510908419101,0.0008412189967302316
云南,甘肃,1229.668350833844,0.0008132274034066951
云南,青海,1290.9823435180333,0.0007746039324402513
云南,宁夏,1530.1092646812172,0.0006535480982192078
云南,新疆,2493.9923617008576,0.00040096353756192667
陕西,北京,911.0228285525708,0.001097667334625188
陕西,天津,911.686095297368,0.0010968687634462895
陕西,河北,652.129012425918,0.0015334389069426662
陕西,山西,514.1840343979445,0.0019448289583143027
陕西,内蒙古,767.2992956292505,0.0013032724071249343
陕西,辽宁,1516.7812280629648,0.0006592908598144173
陕西,吉林,1767.523798200273,0.0005657632451784917
陕西,黑龙江,1968.043040708036,0.0005081189685974721
陕西,上海,1217.9140621934387,0.0008210759946387516
陕西,江苏,946.4737259810796,0.0010565533649266776
陕西,浙江,1141.6102318885492,0.0008759557089337879
陕西,安徽,821.0644401138896,0.0012179312014307796
陕西,福建,1347.7332061074533,0.0007419866153541008
陕西,江西,904.8510173916542,0.0011051543080347354
陕西,山东,776.7325344526901,0.0012874444620819586
陕西,河南,435.68653990754086,0.002295228124817018
陕西,湖北,647.5333121721317,0.0015443220930912867
陕西,湖南,776.0540924502243,0.0012885699717692545
陕西,广东,1308.188722865835,0.0007644157012830005
陕西,广西,1273.445324990599,0.0007852712483022248
陕西,海南,1588.2909355449347,0.000629607572278252
陕西,重庆,574.239574238043,0.0017414334449639723
陕西,四川,608.4431363058419,0.0016435389608821832
陕西,贵州,880.8867022741655,0.0011352197705088774
陕西,云南,1188.7510908419101,0.0008412189967302316
陕西,甘肃,506.70962086516784,0.0019735168996644994
陕西,青海,700.2222854672013,0.0014281179287699783
陕西,宁夏,524.8992305148794,0.0019051275785241467
陕西,新疆,2116.31778220969,0.0004725188288858396
甘肃,北京,1181.4550329338572,0.0008464139320789404
甘肃,天津,1224.779323960631,0.0008164736131944563
甘肃,河北,972.5014359255592,0.001028276116680763
甘肃,山西,800.3559408240811,0.0012494440898012911
甘肃,内蒙古,863.8577979479342,0.001157597931483014
甘肃,辽宁,1806.9775954066447,0.0005534102927130973
甘肃,吉林,2020.4312750903891,0.0004949438331948522
甘肃,黑龙江,2188.808240331704,0.0004568696250195287
甘肃,上海,1716.6687154563856,0.0005825235766203992
甘肃,江苏,1445.6109088084422,0.0006917490687893736
甘肃,浙江,1646.999707015959,0.0006071646495989997
甘肃,安徽,1324.7208966706096,0.00075487599124712
甘肃,福建,1841.6685890479828,0.000542985858556089
甘肃,江西,1397.5578130418257,0.0007155339054085144
甘肃,山东,1180.9463619755575,0.0008467785093364786
甘肃,河南,903.186436153208,0.0011071911179923537
甘肃,湖北,1146.8583671615072,0.0008719472505354048
甘肃,湖南,1226.9799980430935,0.0008150092109039241
甘肃,广东,1701.9816339443103,0.0005875504059832413
甘肃,广西,1534.077259417652,0.0006518576517975425
甘肃,海南,1891.6731753642325,0.0005286325423562952
甘肃,重庆,767.504389827555,0.0013029241438276109
甘肃,四川,600.7157162050386,0.0016646809347979107
甘肃,贵州,1089.0879911416682,0.0009181994550795853
甘肃,云南,1229.668350833844,0.0008132274034066951
甘肃,陕西,506.70962086516784,0.0019735168996644994
甘肃,青海,193.61206779886288,0.005164967304821446
甘肃,宁夏,344.7896142433824,0.0029003193793827944
甘肃,新疆,1623.3194933565796,0.0006160216790918183
青海,北京,1326.3297924156564,0.0007539602938260861
青海,天津,1379.2042857957945,0.0007250557515654794
青海,河北,1135.0585566493862,0.000881011815770924
青海,山西,962.6844581982724,0.0010387619655474298
青海,内蒙古,975.8970814827572,0.001024698217644653
青海,辽宁,1945.9337955658796,0.0005138920976030426
青海,吉林,2145.7627240761453,0.0004660347524820333
青海,黑龙江,2302.196276743285,0.0004343678295816776
青海,上海,1909.18693873188,0.0005237831768659699
青海,江苏,1638.3247775676418,0.0006103795863263826
青海,浙江,1840.5672646068906,0.0005433107603451703
青海,安徽,1518.1301696792266,0.0006587050438575337
青海,福建,2030.6356397659383,0.0004924566379201663
青海,江西,1586.7947808575557,0.0006302012157234141
青海,山东,1356.5699173613652,0.0007371533064400236
青海,河南,1092.5620516288795,0.0009152798218729266
青海,湖北,1338.188159461242,0.0007472790675435377
青海,湖南,1406.8348598781556,0.0007108154826975277
青海,广东,1862.8503894597554,0.0005368117620492377
青海,广西,1658.1356736330358,0.0006030869583843905
青海,海南,2023.544739233488,0.0004941823032678767
青海,重庆,902.6855400962199,0.0011078054932545027
青海,四川,696.0376276101366,0.0014367039371614523
青海,贵州,1210.2551591369229,0.0008262720406109539
青海,云南,1290.9823435180333,0.0007746039324402513
青海,陕西,700.2222854672013,0.0014281179287699783
青海,甘肃,193.61206779886288,0.005164967304821446
青海,宁夏,446.41701597740183,0.00224005798213261
青海,新疆,1439.7010827471452,0.0006945886281420754
宁夏,北京,886.8541360973946,0.0011275811424869757
宁夏,天津,947.9325638143686,0.0010549273631619092
宁夏,河北,719.3963084624824,0.0013900543945481638
宁夏,山西,552.335527312219,0.00181049371360595
宁夏,内蒙古,530.5143678552303,0.0018849630860005013
宁夏,辽宁,1501.567871106789,0.0006659705626645508
宁夏,吉林,1699.3895474913095,0.0005884465992369027
宁夏,黑龙江,1858.0751280053505,0.0005381913706974287
宁夏,上海,1599.9039640719488,0.0006250375162862146
宁夏,江苏,1338.422197810263,0.0007471483972965021
宁夏,浙江,1561.885298923146,0.000640251880653117
宁夏,安徽,1239.517111770181,0.0008067657884705428
宁夏,福建,1839.5708383604954,0.0005436050513234071
宁夏,江西,1404.7504654295967,0.0007118702037191943
宁夏,山东,965.1656537674147,0.0010360915725674794
宁夏,河南,777.2778893143703,0.0012865411633953602
宁夏,湖北,1142.6584956462107,0.0008751521157110615
宁夏,湖南,1300.0368097629137,0.0007692089889226821
宁夏,广东,1830.7500820219857,0.000546224200572228
宁夏,广西,1750.1462610290728,0.0005713808167164312
宁夏,海南,2086.5617771588745,0.00047925731744287496
宁夏,重庆,993.5484775613899,0.0010064934148502195
宁夏,四川,891.3292622786638,0.0011219198587102614
宁夏,贵州,1322.514972250488,0.000756135106960889
宁夏,云南,1530.1092646812172,0.0006535480982192078
宁夏,陕西,524.8992305148794,0.0019051275785241467
宁夏,甘肃,344.7896142433824,0.0029003193793827944
宁夏,青海,446.41701597740183,0.00224005798213261
宁夏,新疆,1666.8173872197247,0.0005999457455072594
新疆,北京,2410.6803176612752,0.0004148206598252527
新疆,天津,2504.2713991734804,0.00039931774181106884
新疆,河北,2335.9608516433286,0.0004280893660082139
新疆,山西,2189.459354393996,0.0004567337584929877
新疆,内蒙古,1998.1796285682292,0.0005004555074543211
新疆,辽宁,2907.5766430508347,0.00034392902501470415
新疆,吉林,2997.4903128984593,0.0003336124209299072
新疆,黑龙江,3057.4826961898634,0.00032706644627823007
新疆,上海,3266.5497069118337,0.0003061334097822105
新疆,江苏,3004.8989710815235,0.0003327898906498277
新疆,浙江,3225.949596960182,0.0003099862443425346
新疆,安徽,2902.0310223731212,0.00034458625434756896
新疆,福建,3462.612784036371,0.000288799257199732
新疆,江西,3018.6273330075423,0.0003312764013846228
新疆,山东,2600.933643177472,0.0003844773212969533
新疆,河南,2443.350334471374,0.00040927409626518126
新疆,湖北,2763.7161544787955,0.0003618316585729797
新疆,湖南,2846.497662096572,0.0003513089131657517
新疆,广东,3282.783651859995,0.0003046195260030033
新疆,广西,3004.949456804143,0.00033278429949485104
新疆,海南,3378.7283718930944,0.000295969338144724
新疆,重庆,2303.0144762602113,0.00043421351029623867
新疆,四川,2054.9106303629273,0.00048663916825588923
新疆,贵州,2570.8986577878804,0.00038896904666808066
新疆,云南,2493.9923617008576,0.00040096353756192667
新疆,陕西,2116.31778220969,0.0004725188288858396
新疆,甘肃,1623.3194933565796,0.0006160216790918183
新疆,青海,1439.7010827471452,0.0006945886281420754
新疆,宁夏,1666.8173872197247,0.0005999457455072594
